{"Device_set": "hh", "M": 12, "D": 61, "g1": 135, "g2": 75, "extra_edge_num": 0, "extra_edge": [], "benchmark": "qcnn", "gates": [[[11, 12], [13, 17], [1, 2], [3, 4], [14, 15]], [[10, 11], [2, 3], [12, 13]], [[13, 17], [8, 11], [3, 4]], [[10, 11], [2, 8], [13, 14]], [[14, 15], [2, 3], [11, 12]], [[13, 14], [2, 8]], [[12, 13], [8, 11]], [[13, 14]], [[12, 13]], [[11, 12]], [[12, 13]]], "gate_spec": [[" U4", " U4", " U4", " U4", " U4"], [" swap", " swap", " U4"], [" swap", " U4", " U4"], [" U4", " U4", " U4"], [" swap", " U4", " U4"], [" U4", " swap"], [" U4", " U4 swap"], [" swap"], [" U4"], [" U4 swap"], [" U4"]], "initial_mapping": [15, 14, 17, 13, 12, 11, 10, 8, 3, 4, 2, 1], "final_mapping": [13, 15, 14, 17, 11, 10, 8, 2, 12, 4, 3, 1], "olsq_mode": "transition", "crosstalk": 51, "fidelity": 0.2629364965232988, "fidelity_ct": 0.20309709093129283}