{"M": 8, "D": 35, "g1": 72, "g2": 36, "extra_edge_num": 2, "extra_edge": [[5, 8], [5, 10]], "benchmark": "qcnn", "gates": [[[6, 7], [10, 11], [4, 5], [8, 12]], [[5, 10], [4, 8], [7, 11]], [[10, 11], [5, 8]], [[6, 10]], [[5, 10]], [[5, 6]]], "gate_spec": [[" U4", " U4", " U4", " U4"], [" U4", " U4", " U4"], [" swap", " U4"], [" U4"], [" U4"], [" U4"]], "initial_mapping": [6, 7, 11, 10, 5, 4, 8, 12], "final_mapping": [6, 7, 10, 11, 5, 4, 8, 12], "coupling_graph": "00--01--02--03\n|   |   |   |\n04--05--06--07\n| / | \\ |   |\n08--09--10--11\n|   |   |   |\n12--13--14--15\n", "olsq_mode": "normal", "cost": 58, "crosstalk": 27, "fidelity": 0.5656113401989511, "fidelity_ct": 0.49333971381308067, "cost-scaled fidelity": 0.009751919658602604, "cost-scaled fidelity_ct": 0.008505857134708288, "size": "qcnn/8-4-2.qasm"}