{"M": 14, "D": 59, "g1": 149, "g2": 75, "extra_edge_num": 2, "extra_edge": [[1, 4], [9, 14]], "benchmark": "qcnn", "gates": [[[8, 9], [6, 10], [7, 11], [14, 15], [0, 4], [1, 2]], [[9, 10], [11, 15], [6, 7], [4, 8], [0, 1]], [[5, 9]], [[9, 10]], [[5, 9], [10, 11]], [[9, 13], [4, 5], [6, 10]], [[13, 14], [1, 4], [5, 6]], [[9, 14], [1, 5]], [[10, 14]], [[9, 10]]], "gate_spec": [[" U4", " U4", " U4", " U4", " U4", " U4"], [" U4", " U4", " U4", " U4", " U4"], [" U4"], [" U4"], [" swap", " swap"], [" U4", " U4", " U4"], [" U4", " U4", " U4"], [" U4", " U4"], [" U4"], [" U4"]], "initial_mapping": [5, 13, 14, 15, 11, 7, 6, 10, 9, 8, 4, 0, 1, 2], "final_mapping": [5, 13, 14, 15, 10, 7, 6, 11, 9, 8, 4, 0, 1, 2], "coupling_graph": "00--01--02--03\n| / |   |   |\n04--05--06--07\n|   |   |   |\n08--09--10--11\n|   | \\ |   |\n12--13--14--15\n", "olsq_mode": "transition", "cost": 58, "crosstalk": 60, "fidelity": 0.2393448838112986, "fidelity_ct": 0.17663888006780437, "cost-scaled fidelity": 0.00412663592778101, "cost-scaled fidelity_ct": 0.0030454979322035234, "size": "qcnn/14-7-4-2.qasm"}