{"M": 14, "D": 53, "g1": 142, "g2": 72, "extra_edge_num": 1, "extra_edge": [[10, 13]], "benchmark": "qcnn", "gates": [[[0, 1], [4, 5], [8, 9], [10, 13], [14, 15], [7, 11], [2, 6]], [[1, 5], [11, 15], [6, 7]], [[4, 5], [1, 2]], [[5, 9], [0, 4]], [[9, 10], [1, 5]], [[9, 13], [10, 14], [4, 5]], [[10, 11], [13, 14]], [[6, 10]], [[5, 6], [10, 14]]], "gate_spec": [[" U4", " U4", " U4", " U4 U4", " U4", " U4", " U4"], [" U4", " U4", " U4"], [" U4", " U4"], [" U4", " U4"], [" U4", " swap"], [" U4", " U4", " U4"], [" swap", " U4"], [" U4"], [" U4", " U4"]], "initial_mapping": [13, 10, 14, 15, 11, 7, 6, 2, 1, 0, 4, 5, 9, 8], "final_mapping": [13, 11, 14, 15, 10, 7, 6, 2, 9, 0, 4, 1, 5, 8], "coupling_graph": "00--01--02--03\n|   |   |   |\n04--05--06--07\n|   |   |   |\n08--09--10--11\n|   | / |   |\n12--13--14--15\n", "olsq_mode": "transition", "cost": 57, "crosstalk": 69, "fidelity": 0.2666828301328658, "fidelity_ct": 0.188047053325302, "cost-scaled fidelity": 0.004678646142681857, "cost-scaled fidelity_ct": 0.0032990711109702107, "size": "qcnn/14-7-4-2.qasm"}