M,D,g1,g2,f,crosstalk,f_ct,#extra_e,extra_edge,f_dec_ratio,ct_ratio,f_imp_r,f_imp_r_ct
12,73,122,66,0.2447829922089245,42,0.1978904094384104,0,[],0.19156797760888078,0.6363636363636364,0.0,0.0
12,61,117,63,0.2896072171161651,48,0.2271219475858149,1,"[[5, 10]]",0.21575867532778573,0.7619047619047619,0.18311821627289665,0.14771578991806691
12,49,117,63,0.3344627727615835,54,0.2544507436296612,2,"[[10, 13], [5, 8]]",0.23922551520840737,0.8571428571428571,0.36636442647991035,0.2858164493760073
12,43,112,60,0.3682194494311047,54,0.2801319619311926,3,"[[9, 12], [10, 13], [5, 10]]",0.23922551520840724,0.9,0.5042689286060612,0.41559140094850483
12,55,112,60,0.3188367098594996,42,0.2577578061642457,4,"[[11, 14], [4, 9], [6, 11], [5, 10]]",0.1915679776088809,0.7,0.3025280350661355,0.3025280350661353
12,67,128,60,0.2760745906197741,39,0.2266036166043183,5,"[[9, 12], [2, 5], [4, 9], [6, 11], [6, 9]]",0.17919423118366612,0.65,0.12783403833932186,0.1450965069373123
12,43,107,57,0.3772215194512902,48,0.2958327041093451,6,"[[9, 12], [1, 4], [10, 13], [4, 9], [7, 10], [5, 10]]",0.21575867532778614,0.8421052631578947,0.541044645492887,0.4949319926563563
12,43,107,57,0.3772215194512902,48,0.2958327041093451,6,"[[9, 12], [1, 4], [10, 13], [4, 9], [7, 10], [5, 10]]",0.21575867532778614,0.8421052631578947,0.541044645492887,0.4949319926563563
