{"Device_set": "square_4by4", "M": 14, "D": 55, "g1": 124, "g2": 66, "extra_edge_num": 2, "extra_edge": [[10, 13], [5, 10]], "benchmark": "qcnn", "gates": [[[1, 2], [6, 7], [13, 14], [11, 15], [8, 12], [4, 5], [9, 10]], [[2, 6], [14, 15], [12, 13], [7, 11]], [[5, 6], [10, 14]], [[1, 5], [6, 10], [13, 14]], [[5, 9], [10, 13]], [[5, 10]], [[9, 10]], [[5, 10]], [[5, 9]]], "gate_spec": [[" U4", " U4", " U4", " U4", " U4", " U4 U4", " U4"], [" U4", " U4", " U4", " U4"], [" U4", " U4"], [" U4", " U4", " U4"], [" U4", " U4"], [" U4"], [" U4"], [" U4"], [" U4"]], "initial_mapping": [9, 10, 5, 4, 1, 2, 6, 7, 11, 15, 14, 13, 12, 8], "final_mapping": [9, 11, 1, 4, 5, 2, 6, 7, 10, 15, 14, 12, 13, 8], "olsq_mode": "transition", "crosstalk": 54, "fidelity": 0.2721548133980876, "fidelity_ct": 0.20704843794648214, "size": "qcnn/14-7-4-2.qasm"}