{"Device_set": "square_4by4", "M": 14, "D": 53, "g1": 135, "g2": 75, "extra_edge_num": 3, "extra_edge": [[8, 13], [2, 5], [6, 9]], "benchmark": "qcnn", "gates": [[[1, 5], [2, 3], [7, 11], [6, 9], [10, 14], [12, 13], [4, 8]], [[1, 2], [6, 10], [3, 7], [13, 14], [8, 12]], [[9, 10], [6, 7], [2, 5]], [[10, 11], [9, 13]], [[6, 10], [8, 13]], [[2, 6], [9, 10]], [[5, 6], [8, 9]], [[6, 9]], [[5, 9]]], "gate_spec": [[" U4", " U4", " U4", " U4", " U4", " U4", " U4"], [" U4", " U4", " U4", " U4", " U4"], [" swap", " swap", " U4"], [" U4", " U4"], [" U4", " U4"], [" U4", " U4"], [" U4", " U4"], [" U4"], [" U4"]], "initial_mapping": [5, 1, 2, 3, 7, 11, 9, 6, 10, 14, 13, 12, 8, 4], "final_mapping": [5, 1, 2, 3, 6, 11, 10, 7, 9, 14, 13, 12, 8, 4], "olsq_mode": "transition", "crosstalk": 69, "fidelity": 0.2603202346694807, "fidelity_ct": 0.18356057278287485, "size": "qcnn/14-7-4-2.qasm"}