{"Device_set": "square_4by4", "M": 14, "D": 53, "g1": 130, "g2": 72, "extra_edge_num": 1, "extra_edge": [[5, 8]], "benchmark": "qcnn", "gates": [[[0, 4], [5, 8], [10, 14], [11, 15], [9, 13], [1, 2], [6, 7]], [[4, 8], [10, 11], [0, 1], [2, 6]], [[4, 5], [9, 10], [7, 11]], [[5, 8], [10, 11]], [[5, 9], [11, 15]], [[4, 5], [10, 11], [8, 9]], [[1, 5]], [[5, 6]], [[6, 10]]], "gate_spec": [[" U4", " U4", " U4 U4", " U4", " U4", " U4", " U4"], [" U4", " U4", " U4", " U4"], [" U4", " U4", " U4"], [" U4", " swap"], [" U4", " U4"], [" U4", " U4", " U4"], [" swap"], [" U4"], [" U4"]], "initial_mapping": [8, 5, 4, 0, 1, 2, 6, 7, 11, 15, 10, 14, 9, 13], "final_mapping": [8, 1, 4, 0, 5, 2, 6, 7, 9, 15, 11, 14, 10, 13], "olsq_mode": "transition", "crosstalk": 57, "fidelity": 0.26668443130218533, "fidelity_ct": 0.19982816907556705, "size": "qcnn/14-7-4-2.qasm"}