{"Device_set": "square_4by4", "M": 14, "D": 49, "g1": 129, "g2": 69, "extra_edge_num": 4, "extra_edge": [[8, 13], [10, 13], [2, 5], [6, 9]], "benchmark": "qcnn", "gates": [[[4, 8], [6, 9], [2, 3], [12, 13], [1, 5], [10, 14], [7, 11]], [[2, 6], [8, 9], [3, 7]], [[6, 9], [8, 12], [1, 2]], [[9, 13], [6, 10]], [[5, 9], [13, 14]], [[4, 5], [9, 10], [8, 13]], [[10, 13], [2, 5]], [[9, 13]]], "gate_spec": [[" U4", " U4", " U4", " U4", " U4", " U4", " U4"], [" U4", " U4", " U4"], [" U4", " U4", " U4"], [" U4", " U4"], [" U4", " U4"], [" U4", " U4", " U4"], [" U4", " U4"], [" U4"]], "initial_mapping": [9, 6, 10, 14, 13, 12, 8, 4, 5, 1, 2, 3, 7, 11], "final_mapping": [5, 7, 10, 14, 13, 12, 8, 4, 9, 1, 2, 3, 6, 11], "olsq_mode": "transition", "crosstalk": 66, "fidelity": 0.2889395688894247, "fidelity_ct": 0.20685946153926354, "size": "qcnn/14-7-4-2.qasm"}