{"Device_set": "square_4by4", "M": 14, "D": 43, "g1": 129, "g2": 69, "extra_edge_num": 3, "extra_edge": [[8, 13], [2, 5], [6, 9]], "benchmark": "qcnn", "gates": [[[1, 5], [2, 3], [10, 14], [7, 11], [12, 13], [4, 8], [6, 9]], [[1, 2], [10, 11], [13, 14], [8, 12], [3, 7]], [[2, 5], [6, 10], [9, 13]], [[2, 6], [8, 13], [9, 10]], [[5, 6], [8, 9]], [[6, 9]], [[5, 9], [6, 10]]], "gate_spec": [[" U4", " U4", " U4", " U4", " U4", " U4", " U4"], [" U4", " U4", " U4", " U4", " U4"], [" U4", " U4", " U4"], [" U4", " U4", " U4"], [" U4", " U4"], [" U4"], [" U4", " U4"]], "initial_mapping": [5, 1, 2, 3, 7, 11, 9, 6, 10, 14, 13, 12, 8, 4], "final_mapping": [5, 1, 2, 3, 6, 11, 10, 7, 9, 14, 13, 12, 8, 4], "olsq_mode": "transition", "crosstalk": 66, "fidelity": 0.31425902368880404, "fidelity_ct": 0.2249863273278386, "size": "qcnn/14-7-4-2.qasm"}