{"Device_set": "square_4by4", "M": 14, "D": 69, "g1": 139, "g2": 78, "extra_edge_num": 1, "extra_edge": [[5, 8]], "benchmark": "qcnn", "gates": [[[0, 4], [5, 8], [1, 2], [6, 7], [11, 15], [10, 14], [9, 13]], [[4, 5], [7, 11], [0, 1], [2, 6]], [[10, 11], [1, 5], [4, 8]], [[11, 15], [5, 6]], [[10, 11], [4, 5]], [[6, 10], [5, 8]], [[9, 10]], [[10, 14]], [[10, 11]], [[9, 10]], [[5, 9]], [[8, 9]]], "gate_spec": [[" U4", " U4", " U4", " U4", " U4", " U4", " U4"], [" U4", " U4", " U4", " U4"], [" swap", " swap", " U4"], [" U4", " U4"], [" U4", " U4"], [" U4", " U4"], [" swap"], [" U4"], [" U4"], [" U4"], [" U4"], [" U4"]], "initial_mapping": [8, 5, 4, 0, 1, 2, 6, 7, 11, 15, 10, 14, 9, 13], "final_mapping": [8, 1, 4, 0, 5, 2, 6, 7, 9, 15, 11, 14, 10, 13], "olsq_mode": "transition", "crosstalk": 60, "fidelity": 0.20311240317873533, "fidelity_ct": 0.14989895273323786, "size": "qcnn/14-7-4-2.qasm"}