{"Device_set": "square_4by4", "M": 14, "D": 55, "g1": 145, "g2": 69, "extra_edge_num": 5, "extra_edge": [[2, 7], [10, 13], [4, 9], [7, 10], [5, 10]], "benchmark": "qcnn", "gates": [[[4, 8], [0, 1], [2, 7], [5, 6], [13, 14], [10, 11]], [[8, 12], [0, 4], [7, 10], [2, 6]], [[8, 9], [4, 5], [6, 7]], [[9, 13], [7, 11]], [[4, 9], [10, 13]], [[5, 9], [6, 10], [12, 13]], [[9, 10]], [[5, 10]], [[10, 14]]], "gate_spec": [[" U4", " U4", " U4", " U4", " U4", " U4"], [" U4", " U4", " U4", " U4"], [" U4", " U4", " U4"], [" U4", " U4"], [" U4", " U4"], [" U4", " U4", " U4"], [" U4"], [" U4"], [" U4"]], "initial_mapping": [1, 0, 4, 9, 8, 12, 13, 14, 10, 11, 7, 2, 6, 5], "final_mapping": [5, 0, 4, 8, 9, 12, 13, 14, 10, 11, 7, 2, 6, 1], "olsq_mode": "transition", "crosstalk": 54, "fidelity": 0.2656579440696166, "fidelity_ct": 0.20210578553035632, "size": "qcnn/14-7-4-2.qasm"}