{"Device_set": "hh", "M": 12, "D": 67, "g1": 149, "g2": 69, "extra_edge_num": 1, "extra_edge": [[5, 13]], "benchmark": "qcnn", "gates": [[[6, 9], [14, 15], [4, 5], [10, 11], [12, 13], [2, 8]], [[5, 6], [9, 15], [11, 12]], [[5, 13], [8, 11], [14, 15]], [[4, 5], [10, 11]], [[5, 13], [11, 12]], [[13, 14]], [[14, 15]], [[13, 14]], [[12, 13]], [[5, 13]], [[13, 14]], [[12, 13]]], "gate_spec": [[" U4", " U4", " U4", " U4", " U4", " U4"], [" U4", " U4 swap", " swap U4"], [" swap", " swap", " U4"], [" U4", " U4"], [" U4", " U4"], [" swap"], [" U4"], [" U4"], [" swap"], [" U4"], [" U4"], [" U4"]], "initial_mapping": [14, 15, 9, 6, 5, 4, 13, 12, 11, 10, 8, 2], "final_mapping": [12, 9, 15, 6, 14, 4, 5, 8, 13, 10, 11, 2], "olsq_mode": "transition", "crosstalk": 36, "fidelity": 0.25677688482136596, "fidelity_ct": 0.2139898716045088}