{"M": 10, "D": 47, "g1": 99, "g2": 51, "extra_edge_num": 2, "extra_edge": [[11, 14], [10, 13]], "benchmark": "qcnn", "gates": [[[5, 6], [7, 11], [9, 10], [12, 13], [14, 15]], [[6, 7], [10, 13], [11, 15], [5, 9]], [[6, 10], [11, 14]], [[9, 10]], [[10, 11], [9, 13]], [[10, 14]], [[10, 13]], [[13, 14]]], "gate_spec": [[" U4", " U4", " U4", " U4", " U4"], [" U4", " U4", " U4", " U4"], [" swap", " U4"], [" U4"], [" U4", " U4"], [" U4"], [" U4"], [" U4"]], "initial_mapping": [14, 15, 11, 7, 6, 5, 9, 10, 13, 12], "final_mapping": [14, 15, 11, 7, 10, 5, 9, 6, 13, 12], "coupling_graph": "00--01--02--03\n|   |   |   |\n04--05--06--07\n|   |   |   |\n08--09--10--11\n|   | / | / |\n12--13--14--15\n", "olsq_mode": "normal", "cost": 58, "crosstalk": 39, "fidelity": 0.41452720985580893, "fidelity_ct": 0.3402463251809872, "cost-scaled fidelity": 0.007147020859582912, "cost-scaled fidelity_ct": 0.005866315951396331, "size": "qcnn/10-5-3-2.qasm"}