{"M": 14, "D": 71, "g1": 133, "g2": 75, "extra_edge_num": 3, "extra_edge": [[1, 6], [5, 8], [6, 9]], "benchmark": "qcnn", "gates": [[[4, 5], [8, 12], [9, 10], [1, 6], [13, 14], [2, 3], [7, 11]], [[4, 8], [1, 2], [12, 13], [10, 14], [3, 7]], [[5, 8]], [[8, 9]], [[5, 9]], [[6, 9]], [[5, 6]], [[6, 9]], [[9, 13], [2, 6]], [[9, 10], [2, 3]], [[6, 10], [3, 7]], [[6, 7]]], "gate_spec": [[" U4", " U4", " U4", " U4", " U4", " U4", " U4"], [" U4", " U4", " U4", " U4", " U4"], [" U4"], [" U4"], [" U4"], [" U4"], [" U4"], [" U4"], [" swap", " U4"], [" U4", " swap"], [" U4", " U4"], [" U4"]], "initial_mapping": [5, 4, 8, 12, 13, 14, 10, 9, 6, 1, 2, 3, 7, 11], "final_mapping": [5, 4, 8, 12, 9, 14, 10, 13, 6, 1, 3, 2, 7, 11], "coupling_graph": "00--01--02--03\n|   | \\ |   |\n04--05--06--07\n| / | / |   |\n08--09--10--11\n|   |   |   |\n12--13--14--15\n", "olsq_mode": "transition", "cost": 59, "crosstalk": 48, "fidelity": 0.2023327350773506, "fidelity_ct": 0.1586776921816136, "cost-scaled fidelity": 0.0034293683911415357, "cost-scaled fidelity_ct": 0.0026894524098578575, "size": "qcnn/14-7-4-2.qasm"}