{"M": 14, "D": 61, "g1": 147, "g2": 72, "extra_edge_num": 4, "extra_edge": [[9, 12], [2, 7], [1, 6], [7, 10]], "benchmark": "qcnn", "gates": [[[8, 9], [7, 10], [11, 15], [1, 6], [2, 3], [13, 14]], [[5, 9], [10, 11], [6, 7], [1, 2], [14, 15]], [[8, 9]], [[9, 12]], [[9, 10]], [[7, 10], [9, 13]], [[6, 10], [3, 7]], [[10, 11], [2, 6]], [[10, 14], [7, 11]], [[2, 7], [9, 10]]], "gate_spec": [[" U4", " U4", " U4", " U4", " U4", " U4"], [" U4", " U4", " U4", " U4", " U4"], [" U4"], [" U4"], [" U4"], [" U4", " U4"], [" U4", " U4"], [" U4", " U4"], [" swap", " U4"], [" U4", " U4"]], "initial_mapping": [6, 1, 2, 3, 7, 10, 11, 15, 14, 13, 9, 8, 12, 5], "final_mapping": [6, 1, 2, 3, 7, 14, 11, 15, 10, 13, 12, 8, 9, 5], "coupling_graph": "00--01--02--03\n|   | \\ | \\ |\n04--05--06--07\n|   |   | / |\n08--09--10--11\n| / |   |   |\n12--13--14--15\n", "olsq_mode": "transition", "cost": 60, "crosstalk": 63, "fidelity": 0.23842565639167052, "fidelity_ct": 0.17330785560869294, "cost-scaled fidelity": 0.003973760939861176, "cost-scaled fidelity_ct": 0.0028884642601448825, "size": "qcnn/14-7-4-2.qasm"}