{"Device_set": "square_4by4", "M": 10, "D": 24, "g1": 15, "g2": 33, "extra_edge_num": 5, "extra_edge": [[9, 12], [10, 15], [5, 8], [6, 11], [5, 10]], "benchmark": "qaoa", "gates": [[[10, 11], [12, 13]], [[11, 15], [5, 10], [8, 12]], [[10, 14], [6, 11], [9, 12]], [[13, 14], [6, 10]], [[14, 15], [9, 13]], [[8, 9], [10, 15]], [[5, 8]], [[5, 10]]], "gate_spec": [[" ZZ", " ZZ"], [" ZZ", " ZZ", " ZZ"], [" ZZ", " ZZ", " ZZ"], [" ZZ", " swap"], [" ZZ", " ZZ"], [" ZZ", " ZZ"], [" ZZ"], [" ZZ"]], "initial_mapping": [11, 10, 9, 12, 15, 6, 5, 8, 13, 14], "final_mapping": [11, 6, 9, 12, 15, 10, 5, 8, 13, 14], "olsq_mode": "transition", "crosstalk": 28, "fidelity": 0.6031022135957027, "fidelity_ct": 0.5233833801854593}