{"M": 12, "D": 55, "g1": 107, "g2": 57, "extra_edge_num": 3, "extra_edge": [[11, 14], [10, 13], [6, 11]], "benchmark": "qcnn", "gates": [[[5, 9], [6, 11], [3, 7], [10, 13], [14, 15], [1, 2]], [[5, 6], [13, 14], [2, 3]], [[6, 7], [1, 5]], [[6, 11]], [[6, 10], [11, 15]], [[6, 7], [10, 14]], [[7, 11]], [[11, 14]], [[10, 11]]], "gate_spec": [[" U4", " U4", " U4", " U4", " U4", " U4"], [" U4", " U4", " U4"], [" U4", " U4"], [" U4"], [" U4", " U4"], [" U4", " U4"], [" U4"], [" U4"], [" U4"]], "initial_mapping": [10, 13, 14, 15, 11, 6, 7, 3, 2, 1, 5, 9], "final_mapping": [10, 13, 14, 15, 11, 2, 7, 3, 6, 1, 5, 9], "coupling_graph": "00--01--02--03\n|   |   |   |\n04--05--06--07\n|   |   | \\ |\n08--09--10--11\n|   | / | / |\n12--13--14--15\n", "olsq_mode": "transition", "cost": 59, "crosstalk": 42, "fidelity": 0.32663149199714925, "fidelity_ct": 0.26405935765188404, "cost-scaled fidelity": 0.00553612698300253, "cost-scaled fidelity_ct": 0.004475582333082781, "size": "qcnn/12-6-3-2.qasm"}