{"M": 8, "D": 31, "g1": 63, "g2": 33, "extra_edge_num": 4, "extra_edge": [[9, 12], [11, 14], [9, 14], [5, 8]], "benchmark": "qcnn", "gates": [[[4, 5], [8, 12], [9, 13], [11, 14]], [[9, 12], [13, 14], [4, 8]], [[5, 8], [9, 14]], [[8, 9]], [[5, 9]]], "gate_spec": [[" U4", " U4", " U4", " U4"], [" U4", " U4", " U4"], [" U4", " U4"], [" U4"], [" U4"]], "initial_mapping": [5, 4, 8, 12, 9, 13, 14, 11], "final_mapping": [5, 4, 8, 12, 9, 13, 14, 11], "coupling_graph": "00--01--02--03\n|   |   |   |\n04--05--06--07\n| / |   |   |\n08--09--10--11\n| / | \\ | / |\n12--13--14--15\n", "olsq_mode": "normal", "cost": 60, "crosstalk": 27, "fidelity": 0.5982822752689702, "fidelity_ct": 0.5218360833373895, "cost-scaled fidelity": 0.009971371254482836, "cost-scaled fidelity_ct": 0.008697268055623158, "size": "qcnn/8-4-2.qasm"}