{"Device_set": "hh", "M": 8, "D": 53, "g1": 72, "g2": 36, "extra_edge_num": 4, "extra_edge": [[3, 13], [4, 13], [5, 13], [5, 14]], "benchmark": "qcnn", "gates": [[[3, 4], [12, 13], [14, 15]], [[4, 13]], [[3, 13]], [[13, 17]], [[5, 13]], [[12, 13], [5, 14]], [[13, 14]], [[13, 17]], [[3, 13]]], "gate_spec": [[" U4", " U4", " U4"], [" U4"], [" U4"], [" swap"], [" U4"], [" U4", " U4"], [" U4"], [" U4"], [" U4"]], "initial_mapping": [3, 4, 13, 12, 17, 5, 14, 15], "final_mapping": [3, 4, 17, 12, 13, 5, 14, 15], "olsq_mode": "transition", "crosstalk": 15, "fidelity": 0.48975592964161874, "fidelity_ct": 0.4539366427505002, "size": "qcnn/8-4-2.qasm"}