{"Device_set": "hh", "M": 8, "D": 31, "g1": 63, "g2": 33, "extra_edge_num": 5, "extra_edge": [[8, 12], [3, 12], [4, 12], [4, 13], [5, 13]], "benchmark": "qcnn", "gates": [[[3, 4], [5, 13], [8, 12], [10, 11]], [[4, 5], [8, 11], [3, 12]], [[4, 13], [11, 12]], [[4, 12]], [[12, 13]]], "gate_spec": [[" U4", " U4", " U4", " U4"], [" U4", " U4", " U4"], [" U4", " U4"], [" U4"], [" U4"]], "initial_mapping": [13, 5, 4, 3, 12, 8, 11, 10], "final_mapping": [13, 5, 4, 3, 12, 8, 11, 10], "olsq_mode": "transition", "crosstalk": 27, "fidelity": 0.5982822752689702, "fidelity_ct": 0.5218360833373895, "size": "qcnn/8-4-2.qasm"}