{"8": [0.4650852580535332, 0.4650852580535332, 0.4308100550739248, 0.502087392601839, 0.39906081807356514, 0.5420334131095947, 0.4650852580535332, 0.39906081807356514, 0.5420334131095947, 0.502087392601839], "10": [0.34240934057559996, 0.3696513919439895, 0.34240934057559996, 0.3696513919439895, 0.2721481430912719, 0.4308100550739248, 0.3696513919439895, 0.2938002209272366, 0.31717493581407197, 0.39906081807356514], "12": [0.2938002209272366, 0.21630429725872158, 0.20036340563611316, 0.23351344455365194, 0.2938002209272366, 0.23351344455365194, 0.23351344455365194, 0.2721481430912719, 0.20036340563611316, 0.17191941301211808], "14": [0.14751338687120047, 0.21630429725872158, 0.15924953652154306, 0.17191941301211808, 0.12657208935839406, 0.14751338687120047, 0.2721481430912719, 0.2938002209272366, 0.23351344455365194, 0.1855973035527981], "16": [0.10860366061920464, 0.15924953652154306, 0.06355025032212305, 0.09318606621475645, 0.12657208935839406, 0.12657208935839406, 0.12657208935839406, 0.10860366061920464, 0.11724415651341721, 0.09318606621475645], "18": [0.06860630159934296, 0.07995718456515288, 0.046787549012589386, 0.09318606621475645, 0.040145494318101625, 0.10059993990866067, 0.058866812841623574, 0.05452852878731148, 0.08631856981689304, 0.037186907816718115], "20": [0.027378086841235542, 0.03444635908606948, 0.03190777948342895, 0.025360414882326276, 0.012733144583568074, 0.029556284570431236, 0.05452852878731148, 0.025360414882326276, 0.037186907816718115, 0.029556284570431236], "22": [0.03190777948342895, 0.007450895495233839, 0.014839837854965785, 0.021760199306212466, 0.037186907816718115, 0.009374512661528972, 0.017295082618151294, 0.025360414882326276, 0.010925521732152563, 0.03190777948342895]}