{"8": [0.40829221462850784, 0.4041590527465255, 0.3849282656083511, 0.4555009666683524, 0.3179984322031395, 0.47825727474469015, 0.4082805971224831, 0.3520855194574414, 0.4734359174012111, 0.43746007694592043], "10": [0.24599260633917436, 0.2998563636362134, 0.2693944314270096, 0.3188724166320986, 0.20027501402216286, 0.34416901339514566, 0.27420329099419855, 0.2145998359028351, 0.2612203826843289, 0.305251988152235], "12": [0.23643274271667358, 0.14781133049899572, 0.12551444627404465, 0.13619719994031534, 0.18205912531591759, 0.15273215083453207, 0.14325006728893752, 0.19229894781092235, 0.15284604016059847, 0.09668950663758248], "14": [0.09023888485873578, 0.15798137655948064, 0.11778439815715801, 0.10359792829835218, 0.07450226892257962, 0.08702669322484444, 0.17137765876642275, 0.17598502497051155, 0.16042878560837778, 0.11629646213669677], "16": [0.05965174211079949, 0.08355721258877498, 0.026396377985823907, 0.04402175907305816, 0.07270067243779368, 0.05243000513081405, 0.07748198496204362, 0.05605937654293399, 0.05880405555329323, 0.050925200185919936], "18": [0.03319917641731492, 0.03992707044303157, 0.011270995486063657, 0.05030221180027697, 0.012212437893923777, 0.03792110149463809, 0.026302593348033476, 0.018535087674415685, 0.04179957106757227, 0.008323859196204481], "20": [0.010021789117173342, 0.012671073332059295, 0.008614552149258594, 0.004693163374515748, 0.0022108776100018294, 0.00783652970913755, 0.019644332321718708, 0.006833451443218193, 0.007980707283759289, 0.006325354958033064], "22": [0.008695488641336542, 0.0006367118011917268, 0.0015492328413279062, 0.00599084237943665, 0.012572390700819816, 0.0014324859822047091, 0.007086283344828606, 0.00576557303806098, 0.0013307665067043017, 0.004282492602170579]}