{"8": [0.7350779344559917, 0.7355488471871513, 0.7354841876015744, 0.7349257934715516, 0.7353784486395424, 0.7355499906339052, 0.7351523616802281, 0.7351157323875903, 0.7354883650349372, 0.7355499906339052], "10": [0.6806197257919638, 0.6805981677331068, 0.6805260276339503, 0.6809818349865896, 0.6803911035293099, 0.6807748256422698, 0.6804623462428099, 0.6808833936784918, 0.6809317093538862, 0.6804622022655958], "12": [0.6300309061026309, 0.6297535951196401, 0.630131278687031, 0.629889824430012, 0.6299522575999569, 0.630587769885004, 0.6305568826211918, 0.62984890508842, 0.6303297340959235, 0.6303007170585978], "14": [0.5834355157565756, 0.5826291728946831, 0.5832265856669483, 0.5831835070783076, 0.5826852343436265, 0.5825624299147468, 0.582244509039589, 0.5835071185642556, 0.5835958387456182, 0.5836127548239323], "16": [0.5405131606238571, 0.5397914000519752, 0.5394130281493235, 0.5397245933540213, 0.53974113343164, 0.5394056248565101, 0.5390808691358591, 0.5400191081154142, 0.5399773768942027, 0.5392255993864267], "18": [0.5003351434537257, 0.4992388411034962, 0.5000828627274455, 0.49946894927579744, 0.50046378161252, 0.5001822756082014, 0.4993912514703866, 0.4992218188491725, 0.4992814626029181, 0.4988980919478714], "20": [0.46204245155325924, 0.4620354964139982, 0.46253683364442416, 0.4635067136641572, 0.4618708082348059, 0.46250985097630953, 0.4630093138581696, 0.4619867554301375, 0.4628371004470568, 0.46220970409101225], "22": [0.42859810346974986, 0.4270992814544664, 0.4272657860835545, 0.4278094528434111, 0.42769386528312403, 0.42811494924327925, 0.42750508777392876, 0.42777343258169004, 0.42815437423322805, 0.4281866684421833]}