{"8": [0.7140508749892167, 0.7140508749892167, 0.697077778072781, 0.7314372486274138, 0.6805081342281438, 0.7492469618326854, 0.7140508749892167, 0.6805081342281438, 0.7492469618326854, 0.7314372486274138], "10": [0.6331251540985754, 0.6485410731520534, 0.6331251540985754, 0.6485410731520534, 0.5890413950848655, 0.6805081342281438, 0.6485410731520534, 0.6033839218459526, 0.6180756737644036, 0.664332353314982], "12": [0.5890413950848655, 0.5350004486796414, 0.5222834073821102, 0.5480271363053484, 0.5890413950848655, 0.5480271363053484, 0.5480271363053484, 0.5750397923465189, 0.5222834073821102, 0.49774899736840833], "14": [0.4630913207506694, 0.5222834073821102, 0.4743670981682083, 0.48591742868288534, 0.441337475661022, 0.4630913207506694, 0.5613710098155096, 0.5750397923465189, 0.5350004486796414, 0.49774899736840833], "16": [0.41060766687864925, 0.4630913207506694, 0.3469697651235247, 0.3913192561966688, 0.43084681734852753, 0.43084681734852753, 0.43084681734852753, 0.41060766687864925, 0.42060552356521713, 0.3913192561966688], "18": [0.3469697651235247, 0.36407215714220253, 0.3076465469140353, 0.38201753849932135, 0.29319476381198034, 0.3913192561966688, 0.3306707627819275, 0.3228106689136662, 0.3729369240335453, 0.2862254800874175], "20": [0.2537866103588509, 0.27277995762666724, 0.2662959369219401, 0.2477540643812558, 0.19952142168715203, 0.2599660423666013, 0.3151374106612849, 0.2477540643812558, 0.2794218572873608, 0.2599660423666013], "22": [0.2599660423666013, 0.16459104063375118, 0.2043795545006291, 0.2305032405936577, 0.27277995762666724, 0.17690900645357044, 0.21445357135459933, 0.24186491293074128, 0.18562898001935546, 0.2599660423666013]}