{"8": [0.9330223013788979, 0.9311614545211799, 0.9294359430757887, 0.9431857112911533, 0.915747342384123, 0.941174937439368, 0.9320911790956029, 0.9258626631163743, 0.9374242394264676, 0.9356884960981356], "10": [0.8936900819046462, 0.9100291778628888, 0.9040448601780308, 0.920139340907522, 0.8907594611679737, 0.9152367389486841, 0.8976111127902483, 0.8899643974959842, 0.9082448193984491, 0.9069487285908406], "12": [0.8974039293336014, 0.8710611728098159, 0.8568135464915168, 0.8539048963419524, 0.8669888993956993, 0.8660767814497441, 0.8580804333502066, 0.8789036205802975, 0.8767798535742061, 0.8414811196013156], "14": [0.8402549736966316, 0.8704008549838813, 0.8560255158504796, 0.8406396619750839, 0.8267513509122255, 0.8343921125733113, 0.8566454112868138, 0.8570318764191202, 0.8637800949660176, 0.8510405236104002], "16": [0.8121198595088034, 0.8185274092217728, 0.7740669056492772, 0.7946732187705426, 0.8215327909876488, 0.791974456691373, 0.8299370763002316, 0.8072589873873302, 0.8095627311302218, 0.8010654091069696], "18": [0.7824066538634527, 0.7868854183772002, 0.7111781979554557, 0.7985462685058964, 0.7216667980289799, 0.7759703085466302, 0.7725843760368892, 0.744913349120854, 0.7803009803736185, 0.7019424902614728], "20": [0.7219701199253907, 0.7263506277068568, 0.701056729537787, 0.6710906591637623, 0.6475575254586873, 0.700822184157809, 0.7481906510969202, 0.6985920116722419, 0.6927867767783441, 0.6903479776061897], "22": [0.7045111846429601, 0.5877233333030628, 0.6063235696294931, 0.6907236179445998, 0.7283290140887397, 0.6299753065208376, 0.7117617591155796, 0.6776327214557556, 0.6128920675998648, 0.6484988318836601]}