{"8": [0.5897141906740525, 0.5777733399981343, 0.5742187600939118, 0.6502667992212662, 0.49932278077928677, 0.6283187444846755, 0.5836983121339875, 0.5590853235537703, 0.603116476889234, 0.599497071323534], "10": [0.40444306587290024, 0.4810274005757669, 0.45532962556553724, 0.5385259181568425, 0.4063374066551202, 0.49707168006669405, 0.4172817418236064, 0.3973991132998547, 0.48370946359009587, 0.4584619986575368], "12": [0.4391673854337212, 0.34054233166250486, 0.2912343984674136, 0.27324973990810497, 0.30722103145710533, 0.3164623379416456, 0.2875824393787639, 0.3589965032419481, 0.36896485179111593, 0.2475314568982407], "14": [0.2540252550334913, 0.34256534519475423, 0.30400799122679545, 0.2485670211810707, 0.22045980881782515, 0.23610633045224533, 0.2791076168462824, 0.276941556579115, 0.3125234624060593, 0.2792028306393151], "16": [0.19094472041055627, 0.19396477106692422, 0.12689332982044726, 0.15621869817750333, 0.2095710144411135, 0.1430515433615894, 0.2330048429588342, 0.1793058345168729, 0.18220675723857854, 0.1700160177688106], "18": [0.14241130931865906, 0.1471916439675917, 0.055241798208071145, 0.16713071688239917, 0.06674159810002663, 0.12193506421462577, 0.12823174543526558, 0.08842889680780355, 0.1329886681246675, 0.05010641635582574], "20": [0.07341462886340289, 0.07505293368339927, 0.052089936692457116, 0.03394844870431841, 0.02632818846751555, 0.052703934193417526, 0.09440953298907151, 0.05245849690401697, 0.04448933667738266, 0.04478205262359167], "22": [0.056066257348506704, 0.010325138480592947, 0.0126463280715635, 0.048777014699173706, 0.07752515640802067, 0.0212532645314387, 0.06983257694109712, 0.03855356280771324, 0.015222273924859206, 0.022826525336083744]}