{"8": [0.7701581021823669, 0.7701581021823669, 0.7559245535453452, 0.7846596589239704, 0.7419540598657776, 0.7994342701816971, 0.7701581021823669, 0.7419540598657776, 0.7994342701816971, 0.7846596589239704], "10": [0.7015727400924663, 0.7147828808025148, 0.7015727400924663, 0.7147828808025148, 0.6633891992314092, 0.7419540598657776, 0.7147828808025148, 0.6758803696640265, 0.6886067403967959, 0.7282417595372995], "12": [0.6633891992314092, 0.6156907803426815, 0.6043119937759485, 0.6272838217729036, 0.6633891992314092, 0.6272838217729036, 0.6272838217729036, 0.6511288822837868, 0.6043119937759485, 0.5821814195515361], "14": [0.5504958269513098, 0.6043119937759485, 0.5608612914551944, 0.5714219306527295, 0.5303360603339821, 0.5504958269513098, 0.6390951523409428, 0.6511288822837868, 0.6156907803426815, 0.5821814195515361], "16": [0.5014721842558071, 0.5504958269513098, 0.44008522965689034, 0.48310771770632166, 0.5205347428027634, 0.5205347428027634, 0.5205347428027634, 0.5014721842558071, 0.5109145666883422, 0.48310771770632166], "18": [0.44008522965689034, 0.4568142740971812, 0.40089404963696273, 0.4741792429199001, 0.3862128657236986, 0.48310771770632166, 0.42396882134413355, 0.4161333122167446, 0.4654157782525268, 0.3790751369989801], "20": [0.3453171262000527, 0.36519298582146187, 0.35844373250469536, 0.33893520527104176, 0.2865522036960946, 0.35181921438850067, 0.4084426137456929, 0.33893520527104176, 0.3720693230183554, 0.35181921438850067], "22": [0.35181921438850067, 0.24682677025571925, 0.29194778809565525, 0.3204884419917104, 0.36519298582146187, 0.2610336944543365, 0.30304565549080653, 0.3326712307502855, 0.270956418464739, 0.35181921438850067]}