{"8": [0.9490349232069628, 0.9488459283721916, 0.9455995493974014, 0.9531469168845594, 0.9411450588537102, 0.9560383511256348, 0.9489404187012193, 0.9421766040070207, 0.9556576076605757, 0.9523879371567384], "10": [0.9297704436457145, 0.9344768100926389, 0.9308391760165404, 0.9355076238481442, 0.9204691880951784, 0.9410916241362707, 0.9331980173804891, 0.9233763645279848, 0.9282550678063108, 0.9371948582064599], "12": [0.9211505092580404, 0.9065830500953114, 0.9021631764773409, 0.907726968659867, 0.9179908730022736, 0.9090080710428278, 0.9081678488442935, 0.9162635302493813, 0.9042383281092672, 0.8947216039872032], "14": [0.8859303021289551, 0.9035793600582834, 0.890456046381662, 0.8917350785073076, 0.8787837401200969, 0.8853128309865727, 0.9109649255897485, 0.9139640349093897, 0.9058240690278132, 0.8957265448703865], "16": [0.8687280501791533, 0.8836189340785127, 0.845183050278822, 0.86124820111306, 0.8753848343383123, 0.8721958354690077, 0.876272730645938, 0.8682090251414878, 0.87127644207921, 0.8619348150783436], "18": [0.8460827681404927, 0.852071889874074, 0.8246124605835479, 0.8588729728793861, 0.820470281359729, 0.8592072579386996, 0.8395562054763964, 0.8338073560295501, 0.8541246899963317, 0.8155678926219595], "20": [0.804687162533714, 0.813043833191112, 0.8075623640441508, 0.7962812971809458, 0.7706348917803825, 0.8049197787216048, 0.8314666289452334, 0.7994612888095097, 0.8118619072858638, 0.8037176646476403], "22": [0.8053356210456081, 0.7437049094274651, 0.7681104561455674, 0.7908253044022217, 0.8132611047246123, 0.756160955103987, 0.7855088809894932, 0.7944617106983871, 0.759013226030251, 0.798742589121111]}