{"8": [0.8577054469222278, 0.8559948141930914, 0.8492872755719764, 0.8722768492078335, 0.8317634475718545, 0.8756659787909509, 0.856849488117221, 0.8409510844408273, 0.872176342044406, 0.8653432759272903], "10": [0.7972199039838223, 0.8166904962281516, 0.806456926423736, 0.8257636933021831, 0.7804025315689712, 0.8312996719711555, 0.8055461110006523, 0.7844077009062179, 0.8053471655012452, 0.8188340817379193], "12": [0.7862238110539918, 0.7450114069984061, 0.7284329813114211, 0.7347418209462045, 0.7595769244408969, 0.7452151102630343, 0.7383346586006266, 0.7654000555927364, 0.7454076389292635, 0.7068474141510311], "14": [0.6932013823304276, 0.7399844369036201, 0.710470464086171, 0.701907986861731, 0.6739090086656114, 0.6883645844984352, 0.7415447065045738, 0.7463528770342701, 0.7387839614203019, 0.7148773507084285], "16": [0.6501499153362768, 0.675276373612677, 0.5941484266208593, 0.6285791584029231, 0.6656413024675368, 0.6416918650797846, 0.6724508169301925, 0.646258500095985, 0.6520109300231648, 0.6336353217756351], "18": [0.600549744444556, 0.6112937117992796, 0.5297121530141841, 0.627856644831302, 0.5310999348334956, 0.6137853295805291, 0.5859227932031361, 0.5615510441887401, 0.609833914669937, 0.5134877241432355], "20": [0.5124987476825082, 0.5249922230606158, 0.50367306500407, 0.4735259552623817, 0.43285460483132326, 0.5004865549858559, 0.5606408899878067, 0.4929310893374299, 0.5037524059062377, 0.4930064841893961], "22": [0.5031210251637276, 0.3744110885671327, 0.40773606553866715, 0.47866748955128813, 0.5264221625761586, 0.40863189815650053, 0.4844303088419545, 0.4752760983473413, 0.40235992497049916, 0.4631202516396376]}