{"8": [0.87407438445103, 0.87407438445103, 0.8657116825418734, 0.8825178693559944, 0.8574289907376523, 0.891042917613699, 0.87407438445103, 0.8574289907376523, 0.891042917613699, 0.8825178693559944], "10": [0.8330533575415081, 0.8411005827829264, 0.8330533575415081, 0.8411005827829264, 0.8093706930927836, 0.8574289907376523, 0.8411005827829264, 0.8171891457911103, 0.8250831240837262, 0.8492255435421239], "12": [0.8093706930927836, 0.7788377897326438, 0.7713862634243753, 0.7863612971571905, 0.8093706930927836, 0.7863612971571905, 0.7863612971571905, 0.8016270433980343, 0.7713862634243753, 0.7566964060298536], "14": [0.735184474157389, 0.7713862634243753, 0.7422862942316734, 0.7494567172894815, 0.7211840238044158, 0.735184474157389, 0.7939574810295332, 0.8016270433980343, 0.7788377897326438, 0.7566964060298536], "16": [0.7006816645174361, 0.735184474157389, 0.6550809188374931, 0.6873382667687848, 0.7142840995874279, 0.7142840995874279, 0.7142840995874279, 0.7006816645174361, 0.7074501903577785, 0.6873382667687848], "18": [0.6550809188374931, 0.6677980999988048, 0.6243374346700393, 0.6807621616477614, 0.612447894609201, 0.6873382667687848, 0.642605916707074, 0.6364577881014557, 0.674248973376641, 0.60658830271563], "20": [0.5781206167482315, 0.5950367673998197, 0.5893437563709264, 0.5725894508984969, 0.5251305801541672, 0.5837052131940227, 0.6303684816827617, 0.5725894508984969, 0.6007847724355635, 0.5837052131940227], "22": [0.5837052131940227, 0.4862575876657623, 0.5302032973113594, 0.556311449363844, 0.5950367673998197, 0.5004857718372571, 0.5404962110420767, 0.5671112044478824, 0.5102017749234226, 0.5837052131940227]}