{"8": [0.9916347649086427, 0.9916347649086427, 0.9910399327750811, 0.9922299540664326, 0.9904454574515867, 0.99282550046274, 0.9916347649086427, 0.9904454574515867, 0.99282550046274, 0.9922299540664326], "10": [0.9886641702018235, 0.9892575763787979, 0.9886641702018235, 0.9892575763787979, 0.9868860865451933, 0.9904454574515867, 0.9892575763787979, 0.9874784254984765, 0.9880711199795562, 0.989851338724127], "12": [0.9868860865451933, 0.9845202817466747, 0.9839297172359801, 0.9851112007201274, 0.9868860865451933, 0.9851112007201274, 0.9851112007201274, 0.9862941029064429, 0.9839297172359801, 0.9827496507524947], "14": [0.9809822041864829, 0.9839297172359801, 0.981570999570205, 0.9821601483548373, 0.9798056727739465, 0.9809822041864829, 0.9857024743690902, 0.9862941029064429, 0.9845202817466747, 0.9827496507524947], "16": [0.9780435208664112, 0.9809822041864829, 0.9739441478164867, 0.9768705139349743, 0.9792179363215384, 0.9792179363215384, 0.9792179363215384, 0.9780435208664112, 0.9786305524228531, 0.9768705139349743], "18": [0.9739441478164867, 0.9751136408249503, 0.9710265480785351, 0.9762845381376545, 0.9698619568847848, 0.9768705139349743, 0.9727760574280251, 0.9721925376905229, 0.9756989138379285, 0.9692801851705518], "20": [0.9663765570512234, 0.9681176884600758, 0.9675369630452922, 0.9657968760541502, 0.9605953695516418, 0.9669565859786603, 0.9716093679773469, 0.9657968760541502, 0.9686987624320932, 0.9669565859786603], "22": [0.9669565859786603, 0.9559953306977803, 0.9611719285522058, 0.9640599185586785, 0.9681176884600758, 0.9577177581354588, 0.9623260849305705, 0.9652175427787346, 0.9588677668138126, 0.9669565859786603]}