{"8": [0.7314041803858401, 0.7314041803858401, 0.714018592784729, 0.7492130884148648, 0.6970462632211594, 0.767455624270598, 0.7314041803858401, 0.6970462632211594, 0.767455624270598, 0.7492130884148648], "10": [0.6524164783036379, 0.6683021204291729, 0.6524164783036379, 0.6683021204291729, 0.6069894870998848, 0.7012432178946086, 0.6683021204291729, 0.6217690306685916, 0.6369084402856262, 0.6845745609176136], "12": [0.6106442048697585, 0.5546213327534907, 0.5414379000843691, 0.5681257678809074, 0.6106442048697585, 0.5681257678809074, 0.5681257678809074, 0.5961291000869645, 0.5414379000843691, 0.5160037023865874], "14": [0.4829655305043698, 0.5446979280696574, 0.49472522363246224, 0.5067712526866869, 0.46027808881964843, 0.4829655305043698, 0.5854630294643229, 0.5997184268570804, 0.5579607389268164, 0.5191105896400111], "16": [0.43080786110285313, 0.48587349307058186, 0.3640392385181678, 0.41057054061357634, 0.4520426938344201, 0.4520426938344201, 0.4520426938344201, 0.43080786110285313, 0.44129757087251054, 0.41057054061357634], "18": [0.3662311392054439, 0.38428293835834315, 0.3247249664789572, 0.4032245238176814, 0.3094709198125818, 0.4130426088823965, 0.3490273283968848, 0.3407308961973522, 0.3936398161146841, 0.30211474940682914], "20": [0.2694879878149046, 0.2896564235327546, 0.2827712466899087, 0.2630822177287511, 0.21186549747605493, 0.27604973153831447, 0.3346344654047156, 0.2630822177287511, 0.29670924705365626, 0.27604973153831447], "22": [0.2777118424655436, 0.17582635305599656, 0.21833091016793763, 0.24623785113161833, 0.29140046111617485, 0.18898516776928728, 0.22909259948734406, 0.2583750938633893, 0.19830038410738893, 0.2777118424655436]}