{"8": [0.818962784467123, 0.8023799847429404, 0.816370481605346, 0.8821183191490812, 0.7267392631329489, 0.8325837857483656, 0.8106082616862549, 0.8137206466602456, 0.7991883164133459, 0.8132467312248075], "10": [0.631562915367687, 0.7337391881019827, 0.7110254323554634, 0.8214450351213166, 0.6807819219785385, 0.7234628989531401, 0.6365042117953283, 0.6503704134098872, 0.7732699598469494, 0.6831057088531345], "12": [0.7357856102566899, 0.6266739273630016, 0.5486564866568425, 0.4911825738996873, 0.5147213149517247, 0.568859775474134, 0.5169464491710656, 0.6157419692065429, 0.6950928885765769, 0.48872313978154047], "14": [0.5381103973139574, 0.6453588577929341, 0.6290601287022707, 0.5024158591328155, 0.4894389967107028, 0.5001521257059556, 0.49008064850205857, 0.47500334366271896, 0.5751129518111904, 0.5512547202517177], "16": [0.45481919044727825, 0.41088221724242446, 0.35618958306518067, 0.3899768221429258, 0.4763077920286276, 0.32512399172449274, 0.5295676149569998, 0.4270960428866051, 0.42394378937327104, 0.42441978518819834], "18": [0.3997485522821065, 0.39423113531911086, 0.17436000228737547, 0.4271194861396085, 0.22077521473207384, 0.3043928121599286, 0.3772355641974205, 0.2663168286291803, 0.3479325609236786, 0.16968145711127605], "20": [0.279550509689584, 0.2663688098711563, 0.18925913679041623, 0.13233811436110526, 0.12675699539788784, 0.19603489675564753, 0.2910767924571809, 0.2044941323522803, 0.15423548393526026, 0.16656906542032307], "22": [0.2085412244644689, 0.05997157644940923, 0.05947412680954429, 0.20400565604766047, 0.2751429242538363, 0.11505705259529213, 0.3133625145240443, 0.15385685632410237, 0.07863076014658885, 0.08490439292686108]}