{"8": [0.7557352222922966, 0.7542279619496544, 0.7415830438298796, 0.7755542168071402, 0.7197450441265948, 0.7856382435006098, 0.7549810260585011, 0.7276953286972652, 0.7825073783643439, 0.7693894745006691], "10": [0.6713948721661744, 0.6940387363500985, 0.6791740175051845, 0.7017493075652641, 0.6396458568538206, 0.719343727873561, 0.6845680310138488, 0.648767509439393, 0.6721352919919086, 0.7021799767900562], "12": [0.6444171859481734, 0.5889501775414715, 0.5706619473806839, 0.5861067414249755, 0.6225764435996672, 0.5944613297966878, 0.5889727636249782, 0.6217031808027309, 0.5839600700918202, 0.5438289751313352], "14": [0.5190594763948804, 0.57971147741632, 0.5368216887806013, 0.5351684863719482, 0.49557150031408004, 0.5154377499902649, 0.5969055503534348, 0.6062319361789693, 0.5840272258330794, 0.5500069876428813], "16": [0.4653070212161912, 0.5056374811759292, 0.3991506075978159, 0.4418078510910979, 0.4850862904255724, 0.4676331310480852, 0.4900487260467459, 0.4625219668909301, 0.4708767999912175, 0.445361663915785], "18": [0.403451031169224, 0.418161856429749, 0.34013409795938576, 0.43732834355499833, 0.3349144141455465, 0.4314097498590464, 0.386571286654108, 0.3671572575050046, 0.42095181039652246, 0.3208938064012491], "20": [0.3061205388700421, 0.32220442160295876, 0.30633811155286084, 0.2802961469097557, 0.2361992342133334, 0.3016604659458507, 0.3632631343941021, 0.29178270694106245, 0.3119766432737014, 0.29715196992475], "22": [0.3032483517610842, 0.19005293096315914, 0.22451320665954808, 0.2757581173887412, 0.32308202095452, 0.21312632656091635, 0.27161060056200004, 0.2788001424470783, 0.21368409433720786, 0.27913850933022744]}