{"8": [0.6154172265205229, 0.607385248144017, 0.6053555878149027, 0.6620266145600392, 0.5336648422205981, 0.6642812969074677, 0.6207794752000279, 0.5877382334529296, 0.64432161921468, 0.631114185655129], "10": [0.44291488287487957, 0.5119700302738565, 0.47673721016925036, 0.5402940759641597, 0.42471498365554333, 0.5437227327722444, 0.4687835524730163, 0.43420564246489374, 0.4981384322239464, 0.500760649140423], "12": [0.453819217056095, 0.3604633819434572, 0.30632866103294537, 0.31042483097247264, 0.35750757012827306, 0.3472833566620209, 0.31957030068276504, 0.39123223228147813, 0.3713608987186004, 0.2608141535770962], "14": [0.27796831432682517, 0.3577193134739601, 0.3150013036358188, 0.26574463160052336, 0.237559683941902, 0.2570972028124369, 0.32686413340431336, 0.317985991676129, 0.34186874108321724, 0.283793962679939], "16": [0.19411097770547067, 0.21911805326276454, 0.11735437644244992, 0.15267792561113108, 0.22110254630894347, 0.15426087919388737, 0.2313959232629581, 0.18895198802588178, 0.1988786802858641, 0.17808803452706137], "18": [0.1431417042225246, 0.15247280778228922, 0.060916369992059245, 0.16241731009012195, 0.06696332708615226, 0.13198379154865228, 0.12641053732649657, 0.09841772778799718, 0.13865975237233483, 0.05114024066442315], "20": [0.06655303773954169, 0.08011721798205981, 0.05393079074956912, 0.03935221088258267, 0.026926695954050252, 0.04839743885203117, 0.09131771787958759, 0.04855569797893323, 0.045686705806102984, 0.045111442554322534], "22": [0.054451514735011496, 0.01071135459384524, 0.014856129743985437, 0.0405025995996742, 0.07696510116680547, 0.01738428054505389, 0.05566777960596333, 0.03920134897236075, 0.016573778881507427, 0.02584458364943357]}