{"8": [0.9508286285032673, 0.9508286285032673, 0.9474103489342137, 0.9542592413080994, 0.944004358262299, 0.957702231847324, 0.9508286285032673, 0.944004358262299, 0.957702231847324, 0.9542592413080994], "10": [0.9338596786305507, 0.9372290670517526, 0.9338596786305507, 0.9372290670517526, 0.9238240181192443, 0.944004358262299, 0.9372290670517526, 0.9271571976333698, 0.9305024033402068, 0.9406106123082829], "12": [0.9238240181192443, 0.9106106996219092, 0.9073370056495486, 0.9138962051617008, 0.9238240181192443, 0.9138962051617008, 0.9138962051617008, 0.9205028215630269, 0.9073370056495486, 0.9008248827069206], "14": [0.8911442284182147, 0.9073370056495486, 0.8943594984567033, 0.8975863692676488, 0.8847483239869629, 0.8911442284182147, 0.9171935648853454, 0.9205028215630269, 0.9106106996219092, 0.9008248827069206], "16": [0.8752404353601607, 0.8911442284182147, 0.8534508164539859, 0.8689586753482407, 0.8815676066326698, 0.8815676066326698, 0.8815676066326698, 0.8752404353601607, 0.8783983241266987, 0.8689586753482407], "18": [0.8534508164539859, 0.8596204691233635, 0.8382197183474495, 0.8658347226219009, 0.8322036627641043, 0.8689586753482407, 0.8473254445054937, 0.8442792643964117, 0.8627220006720216, 0.8292118462659032], "20": [0.8144133286031584, 0.8232604418210889, 0.8203007766785733, 0.8114854693039372, 0.7856038846111629, 0.8173517516899031, 0.8412440354670884, 0.8114854693039372, 0.8262307855073836, 0.8173517516899031], "22": [0.8173517516899031, 0.7632918441612506, 0.7884383625236708, 0.8027648950397877, 0.8232604418210889, 0.7715836158285928, 0.7941380358430955, 0.8085681358148603, 0.7771614450640537, 0.8173517516899031]}