{"8": [0.6631055692319345, 0.6684551598002644, 0.6374155517057856, 0.6914583545576519, 0.5888226703260676, 0.6907655291304471, 0.6488838882208068, 0.6305889863483798, 0.6935213440764644, 0.6825740456826673], "10": [0.5235494050884035, 0.5772280054690201, 0.5655195523307833, 0.5751158702328386, 0.4901975905282265, 0.5994296996511069, 0.5688033980694056, 0.5164161692284795, 0.5247373881506245, 0.5662632304431994], "12": [0.5227987521369449, 0.3927495407094937, 0.44620320793165213, 0.45232372052664555, 0.5361003961741327, 0.42258194844871644, 0.4502612010272956, 0.4908377865421585, 0.4305075481398043, 0.40173303159276835], "14": [0.3250420129572168, 0.43672493828437675, 0.36533170263918413, 0.39872664529476737, 0.32810241315153377, 0.3060772385410676, 0.5009251407251282, 0.4740286547766936, 0.4445875433302716, 0.4189363239336456], "16": [0.2623363890658101, 0.36458477394932387, 0.22084247001125712, 0.27054682360805327, 0.31636962880114217, 0.26194024786156545, 0.3308936406449014, 0.28006734770603176, 0.25819192364360327, 0.26571518806362093], "18": [0.1731778240804591, 0.22942222780739774, 0.16691034920335693, 0.25897628005699763, 0.20075388162148897, 0.26390158770011113, 0.17805772782667786, 0.18955381928420975, 0.24992445322094042, 0.14515551948795735], "20": [0.1468144078763519, 0.18713419006816298, 0.12738033207500354, 0.16266477857465633, 0.08830584119946545, 0.15018613151884966, 0.2323702736082699, 0.17982390851691463, 0.17153935503553353, 0.12319447178021842], "22": [0.17177933635898826, 0.06295728641541389, 0.07843920509909466, 0.1375994498329638, 0.15917075893984972, 0.10403067174949804, 0.1286762049907875, 0.11454529315234416, 0.09018490676658762, 0.17247042144171543]}