{"8": [0.4399800504336127, 0.4299568742387147, 0.39859869687908517, 0.47082120901346886, 0.351426593288094, 0.501027981779804, 0.42505940231428657, 0.3715832440684385, 0.5141585583313772, 0.47891883126048834], "10": [0.28323446510332234, 0.33831362754507516, 0.31483551159366724, 0.3314934825893206, 0.22964514190558624, 0.3798012230344876, 0.33120285925171966, 0.25792680387049055, 0.27545420790706676, 0.33796173875548036], "12": [0.25733847567962975, 0.16332672073686658, 0.166927861044676, 0.19961236570050966, 0.26789627265559796, 0.1796301523400251, 0.19831563732787533, 0.2377526706212033, 0.16549000013789292, 0.14002169096920122], "14": [0.10346073695076721, 0.17689376328671969, 0.12652636108359946, 0.14109335098946865, 0.09928917969137535, 0.10204787183287546, 0.24532967519527726, 0.25069058609075107, 0.19806612128410592, 0.15480831979849197], "16": [0.06774952684924526, 0.1276966297062174, 0.043915530768331795, 0.06757295980902964, 0.09416829378516138, 0.07771492484027714, 0.09712403381112551, 0.07497061875620827, 0.07754062969776955, 0.06503107661315666], "18": [0.035818667158576546, 0.05017126250063439, 0.02630195300074935, 0.06296258358865589, 0.02738210829215267, 0.06478885519520249, 0.03462830037703146, 0.03270996945816339, 0.05477003868323806, 0.01990118353151543], "20": [0.015338983130062125, 0.022374676083995064, 0.01709140271454573, 0.016616569305800247, 0.005896639105494987, 0.018632339921436224, 0.03748717898725255, 0.018504729432702906, 0.023967584906046703, 0.015473267130665597], "22": [0.021277085312240755, 0.0027768278056052326, 0.006816240200572976, 0.012188643474492394, 0.02242949075698057, 0.005758609772392535, 0.009916643041765151, 0.013254340618785653, 0.005348011882312882, 0.019909772076837997]}