{"M": 8, "D": 31, "g1": 63, "g2": 33, "extra_edge_num": 3, "extra_edge": [[4, 9], [7, 10], [6, 9]], "benchmark": "qcnn", "gates": [[[5, 6], [7, 10], [4, 9], [8, 12]], [[6, 7], [4, 8], [5, 9]], [[6, 10], [8, 9]], [[6, 9]], [[9, 10]]], "gate_spec": [[" U4", " U4", " U4", " U4"], [" U4", " U4", " U4"], [" U4", " U4"], [" U4"], [" U4"]], "initial_mapping": [10, 7, 6, 5, 9, 4, 8, 12], "final_mapping": [10, 7, 6, 5, 9, 4, 8, 12], "coupling_graph": "00--01--02--03\n|   |   |   |\n04--05--06--07\n| \\ | / | / |\n08--09--10--11\n|   |   |   |\n12--13--14--15\n", "olsq_mode": "normal", "cost": 59, "crosstalk": 27, "fidelity": 0.5982822752689702, "fidelity_ct": 0.5218360833373895, "cost-scaled fidelity": 0.010140377546931697, "cost-scaled fidelity_ct": 0.008844679378599823, "size": "qcnn/8-4-2.qasm"}