{"Device_set": "hh", "M": 8, "D": 45, "g1": 101, "g2": 42, "extra_edge_num": 0, "extra_edge": [], "benchmark": "qcnn", "gates": [[[13, 14], [15, 16], [11, 12], [6, 9]], [[12, 13], [14, 15]], [[11, 12], [9, 15]], [[15, 16], [12, 13]], [[14, 15]], [[13, 14]], [[12, 13]], [[13, 14]]], "gate_spec": [[" U4", " U4", " U4", " U4"], [" swap", " U4 swap"], [" U4", " swap"], [" U4", " U4"], [" U4"], [" swap"], [" U4"], [" U4"]], "initial_mapping": [12, 11, 13, 14, 15, 16, 9, 6], "final_mapping": [14, 11, 12, 9, 13, 16, 15, 6], "olsq_mode": "transition", "crosstalk": 18, "fidelity": 0.497497553721149, "fidelity_ct": 0.45416074725859634}