{"Device_set": "hh", "M": 8, "D": 39, "g1": 74, "g2": 39, "extra_edge_num": 1, "extra_edge": [[2, 12]], "benchmark": "qcnn", "gates": [[[2, 12], [8, 11], [13, 14], [9, 15]], [[2, 8], [12, 13], [14, 15]], [[2, 12], [13, 14]], [[11, 12]], [[12, 13]], [[11, 12]], [[12, 13]]], "gate_spec": [[" U4", " U4", " U4", " U4"], [" U4", " U4", " U4 swap"], [" swap", " U4"], [" U4"], [" U4"], [" swap"], [" U4"]], "initial_mapping": [11, 8, 2, 12, 13, 14, 15, 9], "final_mapping": [12, 8, 11, 2, 13, 15, 14, 9], "olsq_mode": "transition", "crosstalk": 27, "fidelity": 0.5347263688757625, "fidelity_ct": 0.466401104505234}