{"Device_set": "square_4by4", "M": 12, "D": 47, "g1": 111, "g2": 63, "extra_edge_num": 4, "extra_edge": [[10, 15], [9, 14], [7, 10], [6, 9]], "benchmark": "qcnn", "gates": [[[4, 5], [6, 9], [8, 12], [10, 11], [14, 15], [3, 7]], [[12, 13], [5, 9], [7, 11], [10, 15], [4, 8]], [[8, 9], [13, 14], [5, 6], [7, 10]], [[9, 14]], [[5, 9], [10, 14]], [[6, 9]], [[9, 10]], [[6, 10]]], "gate_spec": [[" U4", " U4", " U4", " U4", " U4", " U4"], [" swap", " U4", " U4", " U4", " U4"], [" swap", " U4", " U4", " U4"], [" U4"], [" U4", " U4"], [" U4"], [" U4"], [" U4"]], "initial_mapping": [6, 9, 5, 4, 8, 12, 14, 15, 10, 11, 7, 3], "final_mapping": [6, 8, 5, 4, 9, 13, 14, 15, 10, 11, 7, 3], "olsq_mode": "transition", "crosstalk": 51, "fidelity": 0.3425880082827126, "fidelity_ct": 0.26462141539943745, "size": "qcnn/12-6-3-2.qasm"}