{"Device_set": "square_4by4", "M": 10, "D": 49, "g1": 90, "g2": 48, "extra_edge_num": 4, "extra_edge": [[9, 14], [7, 10], [5, 8], [5, 10]], "benchmark": "qcnn", "gates": [[[13, 14], [11, 15], [8, 9], [7, 10], [5, 6]], [[14, 15], [5, 8], [7, 11]], [[9, 14]], [[10, 14], [5, 9]], [[6, 10], [14, 15]], [[10, 11]], [[5, 10]], [[9, 10]]], "gate_spec": [[" U4", " U4", " U4", " U4", " U4"], [" U4", " U4", " U4"], [" U4"], [" U4", " U4"], [" U4", " U4"], [" U4"], [" U4"], [" U4"]], "initial_mapping": [9, 8, 5, 6, 10, 7, 11, 15, 14, 13], "final_mapping": [10, 8, 5, 6, 9, 7, 15, 11, 14, 13], "olsq_mode": "transition", "crosstalk": 33, "fidelity": 0.4162533661011931, "fidelity_ct": 0.3522021017116607, "size": "qcnn/10-5-3-2.qasm"}