{"Device_set": "square_4by4", "M": 10, "D": 53, "g1": 101, "g2": 54, "extra_edge_num": 2, "extra_edge": [[10, 13], [6, 9]], "benchmark": "qcnn", "gates": [[[8, 12], [13, 14], [9, 10], [5, 6]], [[6, 9], [10, 14], [12, 13]], [[8, 9], [6, 10]], [[6, 7], [9, 13]], [[2, 6], [10, 13]], [[5, 6], [9, 10]], [[6, 7]], [[6, 10]], [[6, 9]]], "gate_spec": [[" U4", " U4", " U4", " U4"], [" U4", " U4", " U4"], [" swap", " U4"], [" swap", " U4"], [" U4", " U4"], [" U4", " U4"], [" U4"], [" U4"], [" U4"]], "initial_mapping": [8, 12, 13, 14, 10, 9, 6, 5, 7, 2], "final_mapping": [9, 12, 13, 14, 10, 8, 7, 5, 6, 2], "olsq_mode": "transition", "crosstalk": 45, "fidelity": 0.3810713428610532, "fidelity_ct": 0.30342607963786083, "size": "qcnn/10-5-3-2.qasm"}