{"Device_set": "square_4by4", "M": 10, "D": 55, "g1": 111, "g2": 51, "extra_edge_num": 4, "extra_edge": [[11, 14], [9, 14], [7, 10], [5, 10]], "benchmark": "qcnn", "gates": [[[7, 3], [10, 5], [9, 13], [14, 15]], [[5, 9], [13, 14], [7, 11]], [[7, 6]], [[3, 7], [6, 10]], [[11, 7], [10, 9]], [[7, 10], [9, 14]], [[11, 10]], [[10, 14]], [[11, 14]]], "gate_spec": [["u4", "u4", "u4", "u4"], ["u4", "u4", "SWAP"], ["u4"], ["u4", "u4"], ["u4", "u4"], ["u4", "u4"], ["u4"], ["u4"], ["u4"]], "initial_mapping": [7, 3, 11, 6, 10, 5, 9, 13, 14, 15], "final_mapping": [11, 3, 7, 6, 10, 5, 9, 13, 14, 15], "olsq_mode": "transition", "crosstalk": 39, "fidelity": 0.38265454597400056, "fidelity_ct": 0.3140850587992549}