{"M": 10, "D": 45, "g1": 128, "g2": 60, "extra_edge_num": 1, "extra_edge": [[11, 14]], "benchmark": "qcnn", "gates": [[[8, 12], [10, 11], [0, 4], [1, 5], [13, 14]], [[8, 9], [11, 14], [0, 1], [12, 13]], [[9, 10], [4, 8]], [[0, 4], [9, 13], [10, 11]], [[4, 5], [8, 9]], [[9, 10], [4, 8]], [[5, 9]], [[8, 9]]], "gate_spec": [[" U4", " U4", " U4", " U4", " U4"], [" U4", " swap", " U4", " U4"], [" U4", " U4"], [" swap", " swap", " U4"], [" U4", " U4"], [" U4", " U4"], [" swap"], [" U4"]], "initial_mapping": [5, 1, 0, 4, 8, 12, 13, 14, 10, 11], "final_mapping": [10, 1, 4, 0, 8, 12, 5, 11, 9, 14], "coupling_graph": "00--01--02--03\n|   |   |   |\n04--05--06--07\n|   |   |   |\n08--09--10--11\n|   |   | / |\n12--13--14--15\n", "olsq_mode": "transition", "crosstalk": 51, "fidelity": 0.39333870484083505, "fidelity_ct": 0.30382220711143204, "size": "qcnn/10-5-3-2.qasm"}