{"Device_set": "square_4by4", "M": 10, "D": 43, "g1": 90, "g2": 48, "extra_edge_num": 5, "extra_edge": [[11, 14], [2, 5], [9, 14], [4, 9], [6, 9]], "benchmark": "qcnn", "gates": [[[10, 11], [13, 14], [4, 9], [2, 5], [6, 7]], [[11, 14], [4, 5], [9, 13], [2, 6]], [[5, 9], [10, 14]], [[9, 14], [5, 6]], [[9, 10]], [[6, 9]], [[6, 10]]], "gate_spec": [[" U4", " U4", " U4", " U4", " U4"], [" U4", " U4", " U4", " U4"], [" U4", " U4"], [" U4", " U4"], [" U4"], [" U4"], [" U4"]], "initial_mapping": [10, 11, 14, 13, 9, 4, 5, 2, 6, 7], "final_mapping": [10, 11, 14, 13, 9, 4, 5, 2, 6, 7], "olsq_mode": "transition", "crosstalk": 39, "fidelity": 0.44199303674877216, "fidelity_ct": 0.36279043434004227, "size": "qcnn/10-5-3-2.qasm"}