{"Device_set": "square_4by4", "M": 10, "D": 49, "g1": 85, "g2": 45, "extra_edge_num": 3, "extra_edge": [[11, 14], [9, 14], [7, 10]], "benchmark": "qcnn", "gates": [[[9, 14], [7, 10], [12, 13], [5, 6], [11, 15]], [[9, 10], [7, 11]], [[10, 14]], [[9, 14], [6, 10]], [[13, 14]], [[14, 15], [9, 13]], [[11, 14]], [[13, 14]]], "gate_spec": [[" U4", " U4", " U4", " U4", " U4"], [" U4", " U4"], [" U4"], [" U4", " U4"], [" U4"], [" U4", " U4 U4"], [" U4"], [" U4"]], "initial_mapping": [5, 6, 10, 7, 11, 15, 14, 9, 13, 12], "final_mapping": [9, 6, 10, 7, 14, 15, 11, 5, 13, 12], "olsq_mode": "transition", "crosstalk": 33, "fidelity": 0.42642974856434157, "fidelity_ct": 0.36081258653467413, "size": "qcnn/10-5-3-2.qasm"}