{"Device_set": "square_4by4", "M": 10, "D": 43, "g1": 90, "g2": 48, "extra_edge_num": 5, "extra_edge": [[8, 13], [10, 13], [4, 9], [6, 11], [6, 9]], "benchmark": "qcnn", "gates": [[[10, 11], [6, 5], [9, 4], [8, 12], [13, 14]], [[11, 6], [5, 9], [4, 8], [12, 13]], [[10, 6], [9, 8]], [[6, 9], [8, 13]], [[10, 9]], [[9, 13]], [[10, 13]]], "gate_spec": [["u4", "u4", "u4", "u4", "u4"], ["u4", "u4", "u4", "u4"], ["u4", "u4"], ["u4", "u4"], ["u4"], ["u4"], ["u4"]], "initial_mapping": [10, 11, 6, 5, 9, 4, 8, 12, 13, 14], "final_mapping": [10, 11, 6, 5, 9, 4, 8, 12, 13, 14], "olsq_mode": "transition", "crosstalk": 39, "fidelity": 0.44199303674877216, "fidelity_ct": 0.36279043434004227}