{"Device_set": "square_4by4", "M": 10, "D": 43, "g1": 99, "g2": 51, "extra_edge_num": 4, "extra_edge": [[9, 14], [7, 10], [5, 8], [5, 10]], "benchmark": "qcnn", "gates": [[[5, 6], [8, 9], [7, 10], [11, 15], [13, 14]], [[5, 8], [6, 10], [7, 11], [14, 15]], [[5, 9], [10, 11]], [[11, 15], [5, 10]], [[9, 10], [14, 15]], [[9, 14]], [[10, 14]]], "gate_spec": [[" U4", " U4", " U4", " U4", " U4"], [" U4", " U4", " U4", " U4"], [" U4", " U4"], [" swap", " U4"], [" U4 swap", " U4"], [" U4"], [" U4"]], "initial_mapping": [9, 8, 5, 6, 10, 7, 11, 15, 14, 13], "final_mapping": [10, 8, 5, 6, 9, 7, 15, 11, 14, 13], "olsq_mode": "transition", "crosstalk": 45, "fidelity": 0.431444386213835, "fidelity_ct": 0.34353535405668184, "size": "qcnn/10-5-3-2.qasm"}