{"M": 10, "D": 53, "g1": 123, "g2": 54, "extra_edge_num": 1, "extra_edge": [[5, 10]], "benchmark": "qcnn", "gates": [[[0, 1], [4, 8], [10, 11]], [[0, 4], [1, 2], [8, 12]], [[4, 5], [8, 9]], [[1, 5], [8, 12], [9, 10]], [[1, 2], [4, 5]], [[0, 1], [4, 8]], [[0, 4]], [[0, 1]], [[0, 4]]], "gate_spec": [[" U4", " U4 U4", " U4"], [" U4", " swap", " swap"], [" U4", " U4"], [" U4", " U4", " U4"], [" U4", " U4"], [" U4", " U4"], [" swap"], [" U4"], [" U4"]], "initial_mapping": [0, 1, 2, 5, 4, 8, 12, 9, 10, 11], "final_mapping": [5, 2, 1, 10, 0, 12, 8, 9, 4, 11], "coupling_graph": "00--01--02--03\n|   |   |   |\n04--05--06--07\n|   | \\ |   |\n08--09--10--11\n|   |   |   |\n12--13--14--15\n", "olsq_mode": "transition", "crosstalk": 42, "fidelity": 0.38106714830274646, "fidelity_ct": 0.30806688536920585, "size": "qcnn/10-5-3-2.qasm"}