{"Device_set": "square_4by4", "M": 10, "D": 55, "g1": 110, "g2": 57, "extra_edge_num": 0, "extra_edge": [], "benchmark": "qcnn", "gates": [[[2, 6], [3, 7], [10, 11], [9, 13], [14, 15]], [[2, 3], [7, 11], [9, 10], [13, 14]], [[3, 7], [10, 11]], [[6, 7], [10, 14]], [[7, 11]], [[10, 11]], [[6, 10]], [[10, 14]], [[6, 10]], [[10, 14]]], "gate_spec": [[" U4", " U4", " U4", " U4", " U4"], [" U4", " U4", " swap U4", " U4"], [" swap", " U4"], [" U4", " U4"], [" U4"], [" swap"], [" U4"], [" U4"], [" swap"], [" U4"]], "initial_mapping": [6, 2, 3, 7, 11, 10, 9, 13, 14, 15], "final_mapping": [10, 2, 7, 3, 6, 9, 11, 13, 14, 15], "olsq_mode": "transition", "crosstalk": 39, "fidelity": 0.3646110243558481, "fidelity_ct": 0.2992748321653131, "size": "qcnn/10-5-3-2.qasm"}