{"Device_set": "square_4by4", "M": 10, "D": 49, "g1": 94, "g2": 45, "extra_edge_num": 2, "extra_edge": [[10, 13], [6, 9]], "benchmark": "qcnn", "gates": [[[5, 6], [8, 12], [13, 14], [9, 10]], [[2, 6], [12, 13]], [[9, 13], [5, 6]], [[10, 13], [6, 7]], [[9, 10]], [[6, 10]], [[6, 9], [10, 14]], [[6, 10]]], "gate_spec": [[" U4", " U4", " U4", " U4"], [" U4", " U4"], [" U4", " U4"], [" U4", " U4"], [" U4"], [" U4"], [" U4 U4", " U4"], [" U4"]], "initial_mapping": [8, 12, 13, 14, 10, 9, 6, 5, 7, 2], "final_mapping": [9, 12, 13, 14, 10, 8, 7, 5, 6, 2], "olsq_mode": "transition", "crosstalk": 30, "fidelity": 0.42642782835454685, "fidelity_ct": 0.3663334834515643, "size": "qcnn/10-5-3-2.qasm"}