{"M": 10, "D": 45, "g1": 93, "g2": 51, "extra_edge_num": 0, "extra_edge": [], "benchmark": "qcnn", "gates": [[[8, 12], [9, 10], [0, 4], [1, 5], [13, 14]], [[8, 9], [10, 14], [0, 1], [12, 13]], [[4, 8], [9, 10]], [[0, 4], [8, 12]], [[4, 5]], [[4, 8]], [[4, 5]], [[4, 8]]], "gate_spec": [[" U4 U4", " U4", " U4", " U4", " U4"], [" U4", " swap", " U4", " U4 swap"], [" U4 U4", " U4"], [" swap", " U4"], [" U4"], [" U4"], [" swap"], [" U4"]], "initial_mapping": [5, 1, 0, 4, 8, 12, 13, 14, 9, 10], "final_mapping": [4, 1, 5, 0, 9, 13, 12, 10, 8, 14], "coupling_graph": "00--01--02--03\n|   |   |   |\n04--05--06--07\n|   |   |   |\n08--09--10--11\n|   |   |   |\n12--13--14--15\n", "olsq_mode": "transition", "crosstalk": 36, "fidelity": 0.42290248452443624, "fidelity_ct": 0.35243378089725086, "size": "qcnn/10-5-3-2.qasm"}