{"Device_set": "square_4by4", "M": 10, "D": 53, "g1": 101, "g2": 54, "extra_edge_num": 3, "extra_edge": [[11, 14], [9, 14], [7, 10]], "benchmark": "qcnn", "gates": [[[5, 6], [7, 10], [11, 15], [9, 14], [12, 13]], [[7, 11], [14, 15], [9, 13], [6, 10]], [[5, 9], [11, 14]], [[13, 14], [9, 10]], [[11, 14]], [[10, 14]], [[9, 14]], [[13, 14]], [[9, 13]]], "gate_spec": [[" U4", " U4", " U4", " U4", " U4"], [" U4", " U4", " U4", " U4"], [" swap", " U4"], [" U4", " U4"], [" swap"], [" U4"], [" U4"], [" U4"], [" U4"]], "initial_mapping": [5, 6, 10, 7, 11, 15, 14, 9, 13, 12], "final_mapping": [9, 6, 10, 7, 14, 15, 11, 5, 13, 12], "olsq_mode": "transition", "crosstalk": 39, "fidelity": 0.3810713428610532, "fidelity_ct": 0.31278555655093965, "size": "qcnn/10-5-3-2.qasm"}