{"Device_set": "square_4by4", "M": 12, "D": 53, "g1": 111, "g2": 60, "extra_edge_num": 4, "extra_edge": [[11, 14], [4, 9], [6, 11], [5, 10]], "benchmark": "qcnn", "gates": [[[5, 10], [6, 7], [11, 15], [13, 14], [4, 9], [8, 12]], [[5, 6], [7, 11], [14, 15], [4, 8], [9, 13]], [[6, 10], [11, 14], [8, 9]], [[6, 11]], [[10, 11]], [[9, 10]], [[10, 14]], [[10, 11]], [[9, 10]]], "gate_spec": [[" U4", " U4", " U4", " U4", " U4", " U4"], [" U4", " U4", " U4", " U4", " U4"], [" U4", " U4", " U4"], [" U4"], [" U4"], [" swap"], [" U4"], [" U4"], [" U4"]], "initial_mapping": [10, 5, 6, 7, 11, 15, 14, 13, 9, 4, 8, 12], "final_mapping": [9, 5, 6, 7, 11, 15, 14, 13, 10, 4, 8, 12], "olsq_mode": "transition", "crosstalk": 42, "fidelity": 0.32658151829684723, "fidelity_ct": 0.2640189573122824}