{"Device_set": "square_4by4", "M": 12, "D": 47, "g1": 134, "g2": 63, "extra_edge_num": 2, "extra_edge": [[10, 13], [5, 8]], "benchmark": "qcnn", "gates": [[[5, 9], [8, 12], [10, 13], [14, 15], [7, 11], [2, 6]], [[5, 8], [12, 13], [10, 14], [11, 15], [6, 7]], [[10, 11], [8, 9], [13, 14]], [[9, 13], [6, 10]], [[8, 9], [10, 14]], [[9, 13]], [[9, 10]], [[10, 13]]], "gate_spec": [[" U4", " U4", " U4", " U4", " U4", " U4"], [" U4", " U4", " U4", " U4", " U4"], [" swap", " U4", " U4"], [" swap", " U4"], [" U4", " U4"], [" U4"], [" U4"], [" U4"]], "initial_mapping": [9, 5, 8, 12, 13, 10, 14, 15, 11, 7, 6, 2], "final_mapping": [13, 5, 8, 12, 9, 11, 14, 15, 10, 7, 6, 2], "olsq_mode": "transition", "crosstalk": 54, "fidelity": 0.34258406591482155, "fidelity_ct": 0.26062921624415736}