{"Device_set": "square_4by4", "M": 12, "D": 43, "g1": 116, "g2": 60, "extra_edge_num": 3, "extra_edge": [[9, 12], [10, 13], [5, 10]], "benchmark": "qcnn", "gates": [[[9, 12], [13, 14], [5, 10], [2, 6], [0, 1], [4, 8]], [[12, 13], [5, 6], [10, 14], [1, 2], [0, 4]], [[1, 5], [6, 10], [9, 13]], [[4, 5], [10, 13]], [[5, 6], [9, 10]], [[5, 10]], [[5, 9]]], "gate_spec": [[" U4", " U4", " U4", " U4", " U4", " U4"], [" U4", " U4", " U4", " U4", " U4"], [" swap", " U4", " U4"], [" U4", " U4"], [" U4", " U4"], [" U4"], [" U4"]], "initial_mapping": [9, 12, 13, 14, 10, 5, 6, 2, 1, 0, 4, 8], "final_mapping": [9, 12, 13, 14, 10, 1, 6, 2, 5, 0, 4, 8], "olsq_mode": "transition", "crosstalk": 54, "fidelity": 0.36821871250161553, "fidelity_ct": 0.28013140129404007}