{"Device_set": "square_4by4", "M": 12, "D": 65, "g1": 116, "g2": 60, "extra_edge_num": 5, "extra_edge": [[9, 12], [2, 5], [4, 9], [6, 11], [6, 9]], "benchmark": "qcnn", "gates": [[[8, 9], [12, 13], [2, 5], [6, 7], [11, 15]], [[8, 12], [2, 6], [7, 11]], [[9, 12], [6, 11]], [[9, 10]], [[4, 9]], [[4, 5], [9, 13]], [[5, 9]], [[9, 12], [5, 6]], [[9, 10]], [[6, 9]], [[6, 10]]], "gate_spec": [[" U4", " U4", " U4", " U4", " U4"], [" U4", " U4", " U4"], [" U4", " U4"], [" swap"], [" U4"], [" U4", " U4"], [" U4"], [" U4", " U4"], [" U4"], [" U4"], [" U4"]], "initial_mapping": [9, 8, 12, 13, 10, 4, 5, 2, 6, 7, 11, 15], "final_mapping": [10, 8, 12, 13, 9, 4, 5, 2, 6, 7, 11, 15], "olsq_mode": "transition", "crosstalk": 39, "fidelity": 0.2827822280077007, "fidelity_ct": 0.2321092840674567}