{"Device_set": "square_4by4", "M": 12, "D": 59, "g1": 127, "g2": 63, "extra_edge_num": 1, "extra_edge": [[5, 10]], "benchmark": "qcnn", "gates": [[[5, 9], [10, 14], [2, 6], [7, 11], [0, 1], [4, 8]], [[5, 10], [1, 2], [0, 4], [6, 7]], [[1, 5], [9, 10]], [[10, 11], [4, 5]], [[10, 14]], [[6, 10]], [[10, 11], [5, 6]], [[9, 10]], [[5, 10]], [[5, 9]]], "gate_spec": [[" U4", " U4", " U4", " U4", " U4", " U4"], [" U4", " U4", " U4", " U4"], [" swap", " U4"], [" swap", " U4"], [" U4"], [" U4"], [" U4", " U4"], [" U4"], [" U4"], [" U4"]], "initial_mapping": [9, 5, 10, 14, 11, 7, 6, 2, 1, 0, 4, 8], "final_mapping": [9, 1, 11, 14, 10, 7, 6, 2, 5, 0, 4, 8], "olsq_mode": "transition", "crosstalk": 48, "fidelity": 0.29664038428815726, "fidelity_ct": 0.23263764792541905}