M,D,g1,g2,#extra_e,extra_edge,cost,f,csf,crosstalk,f_ct,csf_ct,f_dec_ratio,ct_ratio,f_imp_r,f_imp_r_ct,csf_imp_r,csf_imp_r_ct
10,51,112,57,0,[],56,0.3794907027948134,0.006776619692764525,36,0.31625575184721555,0.005647424140128849,0.16663109394221,0.631578947368421,0.0,0.0,1.0,1.0
10,47,101,54,1,"[[9, 14]]",57,0.4046354786909834,0.007098868047210234,45,0.3221889005344635,0.005652436851481815,0.20375518830735959,0.8333333333333334,0.06625926725210313,0.018760603254148096,1.0475529643178556,1.0008876102146016
10,47,99,51,2,"[[11, 14], [10, 13]]",58,0.4145272098558089,0.007147020859582912,39,0.3402463251809872,0.005866315951396331,0.17919423118366562,0.7647058823529411,0.09232507358668902,0.07585814074098352,1.0546586917388723,1.0387595841637083
10,43,90,48,3,"[[1, 6], [5, 8], [6, 9]]",59,0.44199303674877216,0.007491407402521562,39,0.3627904343400423,0.006148990412543089,0.1791942311836655,0.8125,0.16470056708544217,0.1471425649052159,1.1054785043522841,1.0888132819439336
10,47,94,51,4,"[[3, 6], [10, 15], [2, 5], [5, 10]]",60,0.41452824686652784,0.0069088041144421295,39,0.3402471763653677,0.005670786272756129,0.17919423118366543,0.7647058823529411,0.09232780622469919,0.07586083218414483,1.0195059524763859,1.0041367767052019
