{"M": 10, "D": 51, "g1": 112, "g2": 57, "extra_edge_num": 0, "extra_edge": [], "benchmark": "qcnn", "gates": [[[12, 13], [10, 14], [4, 8], [0, 1], [5, 9]], [[9, 10], [13, 14], [0, 4], [8, 12], [1, 5]], [[9, 13], [4, 8]], [[12, 13], [4, 5]], [[8, 12]], [[8, 9]], [[5, 9]], [[8, 9]], [[5, 9]]], "gate_spec": [[" U4", " U4", " U4", " U4", " U4"], [" swap", " U4", " swap U4", " U4", " U4"], [" U4", " U4"], [" swap", " U4"], [" U4"], [" U4"], [" swap"], [" U4"], [" U4"]], "initial_mapping": [10, 14, 13, 12, 8, 4, 0, 1, 5, 9], "final_mapping": [5, 14, 12, 13, 8, 0, 4, 1, 9, 10], "coupling_graph": "00--01--02--03\n|   |   |   |\n04--05--06--07\n|   |   |   |\n08--09--10--11\n|   |   |   |\n12--13--14--15\n", "olsq_mode": "normal", "cost": 56, "crosstalk": 36, "fidelity": 0.3794907027948134, "fidelity_ct": 0.31625575184721555, "cost-scaled fidelity": 0.006776619692764525, "cost-scaled fidelity_ct": 0.005647424140128849, "size": "qcnn/10-5-3-2.qasm"}