{"Device_set": "hh", "M": 10, "D": 53, "g1": 108, "g2": 51, "extra_edge_num": 6, "extra_edge": [[4, 13], [4, 14], [5, 14], [6, 14], [12, 17], [14, 17]], "benchmark": "qcnn", "gates": [[[12, 17], [4, 13], [5, 14], [6, 9], [15, 16]], [[12, 13], [5, 6], [4, 14], [9, 15]], [[13, 17], [6, 14]], [[13, 14]], [[14, 17]], [[14, 15]], [[6, 14]], [[14, 15]], [[14, 17]]], "gate_spec": [[" U4", " U4", " U4", " U4", " U4"], [" U4", " U4", " U4", " U4"], [" U4", " U4"], [" U4"], [" U4"], [" swap"], [" U4"], [" U4"], [" U4"]], "initial_mapping": [17, 12, 13, 4, 14, 5, 6, 9, 15, 16], "final_mapping": [17, 12, 13, 4, 15, 5, 6, 9, 14, 16], "olsq_mode": "transition", "crosstalk": 33, "fidelity": 0.3903852665381436, "fidelity_ct": 0.33031447322536606}