{"M": 12, "D": 65, "g1": 127, "g2": 63, "extra_edge_num": 1, "extra_edge": [[5, 10]], "benchmark": "qcnn", "gates": [[[5, 9], [2, 6], [10, 14], [7, 11], [0, 1], [4, 8]], [[5, 6], [1, 2], [0, 4]], [[5, 10], [6, 7]], [[5, 9]], [[5, 10]], [[1, 5], [9, 10]], [[10, 11], [4, 5]], [[10, 14]], [[6, 10]], [[10, 11]], [[9, 10]]], "gate_spec": [[" U4", " U4", " U4", " U4", " U4", " U4"], [" U4", " U4", " U4"], [" U4", " U4"], [" U4"], [" U4"], [" swap", " U4"], [" swap", " U4"], [" U4"], [" U4"], [" U4"], [" U4"]], "initial_mapping": [9, 5, 10, 14, 11, 7, 6, 2, 1, 0, 4, 8], "final_mapping": [9, 1, 11, 14, 10, 7, 6, 2, 5, 0, 4, 8], "coupling_graph": "00--01--02--03\n|   |   |   |\n04--05--06--07\n|   | \\ |   |\n08--09--10--11\n|   |   |   |\n12--13--14--15\n", "olsq_mode": "transition", "cost": 57, "crosstalk": 45, "fidelity": 0.27603304252543925, "fidelity_ct": 0.21978987796661498, "cost-scaled fidelity": 0.0048426849565866535, "cost-scaled fidelity_ct": 0.0038559627713441224, "size": "qcnn/12-6-3-2.qasm"}