{"M": 12, "D": 57, "g1": 136, "g2": 63, "extra_edge_num": 0, "extra_edge": [], "benchmark": "qcnn", "gates": [[[4, 8], [5, 9], [0, 1], [2, 6], [12, 13], [10, 14]], [[4, 5], [13, 14]], [[5, 9], [0, 4]], [[1, 5], [9, 10]], [[6, 10], [8, 9], [1, 2]], [[5, 6], [9, 13]], [[1, 5]], [[4, 5]], [[5, 6]], [[1, 5]]], "gate_spec": [[" U4", " U4", " U4", " U4", " U4", " U4"], [" U4", " U4"], [" U4", " U4"], [" U4", " swap"], [" U4", " U4", " U4"], [" U4", " U4"], [" swap"], [" U4"], [" U4"], [" U4"]], "initial_mapping": [5, 9, 6, 2, 1, 0, 4, 8, 10, 14, 13, 12], "final_mapping": [1, 10, 6, 2, 9, 0, 4, 8, 5, 14, 13, 12], "coupling_graph": "00--01--02--03\n|   |   |   |\n04--05--06--07\n|   |   |   |\n08--09--10--11\n|   |   |   |\n12--13--14--15\n", "olsq_mode": "transition", "cost": 56, "crosstalk": 45, "fidelity": 0.30384450530614054, "fidelity_ct": 0.2419346109113314, "cost-scaled fidelity": 0.0054257947376096525, "cost-scaled fidelity_ct": 0.0043202609091309175, "size": "qcnn/12-6-3-2.qasm"}