{"M": 10, "D": 57, "g1": 110, "g2": 54, "extra_edge_num": 0, "extra_edge": [], "benchmark": "qcnn", "gates": [[[4, 8], [5, 9], [0, 1], [2, 6]], [[4, 5]], [[5, 9], [0, 4]], [[1, 5], [9, 10]], [[9, 13], [6, 10], [1, 2]], [[5, 6], [8, 9]], [[1, 5]], [[4, 5]], [[5, 6]], [[1, 5]]], "gate_spec": [[" U4", " U4", " U4", " U4"], [" U4"], [" U4", " U4"], [" U4", " swap"], [" U4", " U4", " U4"], [" U4", " U4"], [" swap"], [" U4"], [" U4"], [" U4"]], "initial_mapping": [5, 9, 6, 2, 1, 0, 4, 8, 10, 13], "final_mapping": [1, 10, 6, 2, 9, 0, 4, 8, 5, 13], "coupling_graph": "00--01--02--03\n|   |   |   |\n04--05--06--07\n|   |   |   |\n08--09--10--11\n|   |   |   |\n12--13--14--15\n", "olsq_mode": "transition", "cost": 56, "crosstalk": 39, "fidelity": 0.36612767310704547, "fidelity_ct": 0.30051970620956403, "cost-scaled fidelity": 0.006537994162625812, "cost-scaled fidelity_ct": 0.0053664233251707865, "size": "qcnn/10-5-3-2.qasm"}