{"Device_set": "hh", "M": 8, "D": 35, "g1": 72, "g2": 36, "extra_edge_num": 3, "extra_edge": [[9, 14], [12, 17], [9, 16]], "benchmark": "qcnn", "gates": [[[9, 14], [15, 16], [13, 17], [11, 12]], [[9, 16], [12, 17], [13, 14]], [[12, 13], [9, 15]], [[13, 14]], [[9, 14]], [[14, 15]]], "gate_spec": [[" U4", " U4", " U4", " U4"], [" U4", " U4", " U4"], [" U4", " U4"], [" swap"], [" U4"], [" U4"]], "initial_mapping": [15, 16, 9, 14, 13, 17, 12, 11], "final_mapping": [15, 16, 9, 13, 14, 17, 12, 11], "olsq_mode": "transition", "crosstalk": 21, "fidelity": 0.5656113401989511, "fidelity_ct": 0.5085572642202484}