{"Device_set": "hh", "M": 8, "D": 31, "g1": 63, "g2": 33, "extra_edge_num": 5, "extra_edge": [[3, 13], [4, 13], [4, 14], [0, 5], [14, 17]], "benchmark": "qcnn", "gates": [[[3, 13], [14, 17], [0, 4], [5, 6]], [[13, 17], [3, 4], [0, 5]], [[4, 5], [13, 14]], [[4, 13]], [[4, 14]]], "gate_spec": [[" U4", " U4", " U4", " U4"], [" U4", " U4", " U4"], [" U4", " U4"], [" U4"], [" U4"]], "initial_mapping": [14, 17, 13, 3, 4, 0, 5, 6], "final_mapping": [14, 17, 13, 3, 4, 0, 5, 6], "olsq_mode": "transition", "crosstalk": 27, "fidelity": 0.5982822752689702, "fidelity_ct": 0.5218360833373895}