{"Device_set": "hh", "M": 8, "D": 31, "g1": 63, "g2": 33, "extra_edge_num": 2, "extra_edge": [[5, 15], [9, 16]], "benchmark": "qcnn", "gates": [[[5, 6], [9, 16], [14, 15], [13, 17]], [[6, 9], [13, 14], [5, 15]], [[9, 16], [14, 15]], [[9, 15]], [[15, 16]]], "gate_spec": [[" U4", " U4", " U4", " U4"], [" U4 swap", " swap U4", " U4"], [" U4", " U4"], [" U4"], [" U4"]], "initial_mapping": [16, 9, 6, 5, 15, 14, 13, 17], "final_mapping": [16, 6, 9, 5, 15, 13, 14, 17], "olsq_mode": "transition", "crosstalk": 27, "fidelity": 0.5982822752689702, "fidelity_ct": 0.5218360833373895}