{"M": 14, "D": 55, "g1": 147, "g2": 72, "extra_edge_num": 6, "extra_edge": [[0, 5], [9, 12], [1, 6], [7, 10], [5, 8], [5, 10]], "benchmark": "qcnn", "gates": [[[3, 7], [10, 11], [9, 13], [8, 12], [2, 6], [0, 1], [4, 5]], [[7, 11], [9, 12], [1, 5], [2, 3]], [[7, 10], [8, 9]], [[6, 7], [5, 9], [4, 8]], [[6, 10]], [[5, 6]], [[5, 10], [2, 6]], [[0, 5], [1, 2]], [[1, 6], [5, 8]]], "gate_spec": [[" U4", " U4", " U4", " U4", " U4", " U4", " U4"], [" U4", " U4", " U4", " U4"], [" U4", " U4"], [" U4", " U4", " U4"], [" U4"], [" U4"], [" U4", " swap"], [" U4", " U4"], [" U4", " U4"]], "initial_mapping": [10, 11, 7, 3, 2, 6, 1, 0, 5, 4, 8, 12, 9, 13], "final_mapping": [10, 11, 7, 3, 6, 2, 1, 0, 5, 4, 8, 12, 9, 13], "coupling_graph": "00--01--02--03\n| \\ | \\ |   |\n04--05--06--07\n| / | \\ | / |\n08--09--10--11\n| / |   |   |\n12--13--14--15\n", "olsq_mode": "transition", "cost": 62, "crosstalk": 66, "fidelity": 0.25931863291691587, "fidelity_ct": 0.1856530518768089, "cost-scaled fidelity": 0.004182558595434127, "cost-scaled fidelity_ct": 0.002994404062529176, "size": "qcnn/14-7-4-2.qasm"}