{"M": 14, "D": 61, "g1": 129, "g2": 69, "extra_edge_num": 5, "extra_edge": [[11, 14], [1, 6], [9, 14], [7, 10], [6, 9]], "benchmark": "qcnn", "gates": [[[4, 8], [1, 5], [2, 6], [9, 14], [12, 13], [7, 10], [11, 15]], [[4, 5], [1, 6], [10, 14], [7, 11], [8, 12]], [[5, 9]], [[5, 6], [9, 13]], [[6, 9]], [[9, 14]], [[9, 10], [14, 15]], [[9, 13], [10, 11]], [[13, 14]], [[11, 14]]], "gate_spec": [[" U4", " U4", " U4", " U4", " U4", " U4", " U4"], [" U4", " U4", " U4", " U4", " U4"], [" U4"], [" U4", " U4"], [" U4"], [" U4"], [" U4", " U4"], [" U4", " U4"], [" U4"], [" U4"]], "initial_mapping": [10, 7, 11, 15, 14, 9, 13, 12, 8, 4, 5, 1, 6, 2], "final_mapping": [10, 7, 11, 15, 14, 8, 13, 12, 9, 4, 5, 1, 6, 2], "coupling_graph": "00--01--02--03\n|   | \\ |   |\n04--05--06--07\n|   | / | / |\n08--09--10--11\n|   | \\ | / |\n12--13--14--15\n", "olsq_mode": "transition", "cost": 61, "crosstalk": 54, "fidelity": 0.24425617255280727, "fidelity_ct": 0.18582386383102828, "cost-scaled fidelity": 0.004004199550046021, "cost-scaled fidelity_ct": 0.0030462928496889884, "size": "qcnn/14-7-4-2.qasm"}