{"M": 14, "D": 43, "g1": 129, "g2": 69, "extra_edge_num": 7, "extra_edge": [[0, 5], [9, 12], [10, 15], [10, 13], [4, 9], [6, 11], [6, 9]], "benchmark": "qcnn", "gates": [[[6, 7], [11, 15], [10, 14], [12, 13], [8, 9], [0, 4], [1, 5]], [[7, 11], [10, 15], [13, 14], [4, 8], [9, 12], [0, 5]], [[10, 13], [6, 11], [4, 9]], [[10, 11], [4, 5], [9, 13]], [[5, 9], [6, 10]], [[9, 10]], [[6, 9]]], "gate_spec": [[" U4", " U4", " U4", " U4", " U4", " U4", " U4"], [" U4", " U4", " U4", " U4", " U4", " U4"], [" U4", " U4", " U4"], [" U4", " U4", " U4"], [" U4", " U4"], [" U4"], [" U4"]], "initial_mapping": [6, 7, 11, 15, 10, 14, 13, 12, 9, 8, 4, 0, 5, 1], "final_mapping": [6, 7, 11, 15, 10, 14, 13, 12, 9, 8, 4, 0, 5, 1], "coupling_graph": "00--01--02--03\n| \\ |   |   |\n04--05--06--07\n| \\ | / | \\ |\n08--09--10--11\n| / | / | \\ |\n12--13--14--15\n", "olsq_mode": "transition", "cost": 63, "crosstalk": 63, "fidelity": 0.31425902368880404, "fidelity_ct": 0.22842993629728675, "cost-scaled fidelity": 0.004988238471250858, "cost-scaled fidelity_ct": 0.0036258720047188373, "size": "qcnn/14-7-4-2.qasm"}