{"Device_set": "hh", "M": 10, "D": 47, "g1": 108, "g2": 54, "extra_edge_num": 5, "extra_edge": [[8, 12], [3, 12], [4, 12], [0, 3], [1, 8]], "benchmark": "qcnn", "gates": [[[0, 3], [4, 5], [1, 2], [8, 11], [12, 13]], [[2, 3], [1, 8], [0, 4], [11, 12]], [[4, 5], [2, 8]], [[0, 4], [2, 3], [8, 12]], [[0, 3]], [[3, 4]], [[3, 12]], [[4, 12]]], "gate_spec": [[" U4", " U4", " U4", " U4", " U4"], [" U4", " U4", " U4", " U4"], [" swap", " U4"], [" U4", " swap", " U4"], [" U4"], [" U4"], [" U4"], [" U4"]], "initial_mapping": [5, 4, 0, 3, 2, 1, 8, 11, 12, 13], "final_mapping": [4, 5, 0, 2, 3, 1, 8, 11, 12, 13], "olsq_mode": "transition", "crosstalk": 36, "fidelity": 0.40463406152443154, "fidelity_ct": 0.3372094452063359}