{"Device_set": "hh", "M": 10, "D": 53, "g1": 105, "g2": 57, "extra_edge_num": 3, "extra_edge": [[5, 13], [5, 14], [5, 15]], "benchmark": "qcnn", "gates": [[[5, 14], [15, 16], [13, 17], [6, 9], [11, 12]], [[5, 13], [14, 15]], [[15, 16], [13, 14], [5, 6]], [[12, 13], [9, 15]], [[5, 15], [13, 17]], [[14, 15], [12, 13]], [[5, 14]], [[13, 14]], [[5, 13]]], "gate_spec": [[" U4", " U4", " U4", " U4", " U4"], [" U4", " U4"], [" swap", " U4", " swap"], [" swap", " U4"], [" U4", " U4"], [" U4", " U4"], [" U4"], [" U4"], [" U4"]], "initial_mapping": [6, 9, 16, 15, 14, 5, 13, 17, 12, 11], "final_mapping": [5, 9, 15, 16, 14, 6, 12, 17, 13, 11], "olsq_mode": "transition", "crosstalk": 42, "fidelity": 0.3719775861995938, "fidelity_ct": 0.30071859229550446}