{"Device_set": "hh", "M": 10, "D": 47, "g1": 110, "g2": 54, "extra_edge_num": 4, "extra_edge": [[4, 13], [4, 14], [5, 14], [5, 9]], "benchmark": "qcnn", "gates": [[[5, 6], [9, 15], [13, 14], [0, 4], [2, 3]], [[6, 9], [4, 13], [14, 15]], [[4, 14], [5, 9]], [[3, 4], [9, 15]], [[0, 4], [14, 15]], [[3, 4], [5, 14]], [[4, 14]], [[4, 5]]], "gate_spec": [[" U4", " U4", " U4", " U4", " U4"], [" U4", " U4", " U4"], [" U4", " U4"], [" swap", " swap"], [" U4", " U4"], [" U4", " U4"], [" U4"], [" U4"]], "initial_mapping": [5, 6, 9, 15, 14, 13, 4, 0, 3, 2], "final_mapping": [5, 6, 15, 9, 14, 13, 3, 0, 4, 2], "olsq_mode": "transition", "crosstalk": 42, "fidelity": 0.404633656620614, "fidelity_ct": 0.32711880534931664}