{"Device_set": "hh", "M": 10, "D": 47, "g1": 92, "g2": 54, "extra_edge_num": 6, "extra_edge": [[3, 8], [8, 12], [3, 12], [3, 13], [0, 3], [12, 17]], "benchmark": "qcnn", "gates": [[[2, 3], [0, 4], [8, 11], [12, 17], [13, 14]], [[3, 4], [2, 8], [11, 12], [13, 17]], [[0, 3], [8, 12]], [[3, 8], [12, 13]], [[0, 3], [8, 12]], [[3, 12]], [[12, 13]], [[3, 13]]], "gate_spec": [[" U4", " U4", " U4", " U4", " U4"], [" U4", " U4", " U4", " U4"], [" U4", " U4"], [" U4", " U4"], [" swap", " swap"], [" U4"], [" U4"], [" U4"]], "initial_mapping": [0, 4, 3, 2, 8, 11, 12, 17, 13, 14], "final_mapping": [3, 4, 0, 2, 12, 11, 8, 17, 13, 14], "olsq_mode": "transition", "crosstalk": 45, "fidelity": 0.4046373007695575, "fidelity_ct": 0.32219035135507457}