{"Device_set": "hh", "M": 10, "D": 24, "g1": 15, "g2": 33, "extra_edge_num": 7, "extra_edge": [[3, 8], [8, 12], [4, 13], [4, 14], [12, 17], [14, 17], [8, 10]], "benchmark": "qaoa", "gates": [[[10, 8], [13, 17]], [[10, 11], [8, 3], [13, 4]], [[8, 12], [13, 14]], [[17, 12], [2, 8]], [[10, 8], [17, 14], [11, 12]], [[11, 8], [14, 4]], [[4, 3]], [[3, 8]]], "gate_spec": [["ZZ", "ZZ"], ["ZZ", "ZZ", "ZZ"], ["ZZ", "ZZ"], ["ZZ", "SWAP"], ["ZZ", "ZZ", "ZZ"], ["ZZ", "ZZ"], ["ZZ"], ["ZZ"]], "initial_mapping": [10, 8, 14, 13, 11, 2, 3, 4, 17, 12], "final_mapping": [10, 2, 14, 13, 11, 8, 3, 4, 17, 12], "olsq_mode": "transition", "crosstalk": 20, "fidelity": 0.6031022135957027, "fidelity_ct": 0.5450189974062628}