{"M": 8, "D": 35, "g1": 74, "g2": 39, "extra_edge_num": 0, "extra_edge": [], "benchmark": "qcnn", "gates": [[[5, 9], [6, 10], [1, 2], [0, 4]], [[2, 6], [9, 10], [0, 1]], [[6, 10], [1, 2]], [[5, 6]], [[1, 5], [2, 6]], [[1, 2]]], "gate_spec": [[" U4", " U4", " U4", " U4"], [" U4", " U4", " U4 swap"], [" swap", " U4"], [" U4"], [" swap", " U4"], [" U4"]], "initial_mapping": [5, 9, 10, 6, 2, 1, 0, 4], "final_mapping": [1, 9, 6, 10, 2, 0, 5, 4], "coupling_graph": "00--01--02--03\n|   |   |   |\n04--05--06--07\n|   |   |   |\n08--09--10--11\n|   |   |   |\n12--13--14--15\n", "olsq_mode": "normal", "cost": 56, "crosstalk": 33, "fidelity": 0.5521143364124668, "fidelity_ct": 0.46715737458405715, "cost-scaled fidelity": 0.00985918457879405, "cost-scaled fidelity_ct": 0.008342095974715306, "size": "qcnn/8-4-2.qasm"}