{"Device_set": "hh", "M": 12, "D": 57, "g1": 131, "g2": 66, "extra_edge_num": 4, "extra_edge": [[4, 12], [4, 14], [5, 14], [5, 15]], "benchmark": "qcnn", "gates": [[[6, 9], [5, 15], [11, 12], [13, 14], [2, 3], [0, 4]], [[3, 4], [9, 15], [12, 13]], [[2, 3], [4, 5]], [[5, 6], [3, 4]], [[4, 14], [5, 15]], [[0, 4], [14, 15]], [[4, 12], [5, 14]], [[3, 4]], [[4, 14]], [[4, 5]]], "gate_spec": [[" U4", " U4", " U4", " U4", " U4", " U4"], [" swap", " U4", " U4"], [" U4", " U4"], [" swap", " U4"], [" swap", " U4"], [" U4", " U4"], [" U4", " U4"], [" U4"], [" U4"], [" U4"]], "initial_mapping": [6, 9, 15, 5, 3, 2, 4, 0, 14, 13, 12, 11], "final_mapping": [5, 9, 15, 6, 14, 2, 3, 0, 4, 13, 12, 11], "olsq_mode": "transition", "crosstalk": 54, "fidelity": 0.29659499914304677, "fidelity_ct": 0.22564190766481426, "size": "qcnn/12-6-3-2.qasm"}