{"Device_set": "square_4by4", "M": 8, "D": 31, "g1": 63, "g2": 33, "extra_edge_num": 3, "extra_edge": [[11, 14], [10, 13], [6, 11]], "benchmark": "qcnn", "gates": [[[10, 13], [14, 15], [6, 11], [3, 7]], [[13, 14], [6, 7], [11, 15]], [[7, 11], [10, 14]], [[11, 14]], [[10, 11]]], "gate_spec": [[" U4", " U4", " U4", " U4"], [" U4", " U4", " U4"], [" U4", " U4"], [" U4"], [" U4"]], "initial_mapping": [10, 13, 14, 15, 11, 6, 7, 3], "final_mapping": [10, 13, 14, 15, 11, 6, 7, 3], "olsq_mode": "transition", "crosstalk": 27, "fidelity": 0.5982822752689702, "fidelity_ct": 0.5218360833373895}