{"Device_set": "square_4by4", "M": 8, "D": 35, "g1": 65, "g2": 36, "extra_edge_num": 2, "extra_edge": [[11, 14], [4, 9]], "benchmark": "qcnn", "gates": [[[10, 11], [14, 15], [4, 9], [1, 5]], [[11, 15], [4, 5], [9, 10]], [[5, 9], [11, 14]], [[9, 10]], [[10, 11]], [[10, 14]]], "gate_spec": [[" U4", " U4", " U4", " U4"], [" U4", " U4", " U4"], [" U4", " U4"], [" swap"], [" U4"], [" U4"]], "initial_mapping": [14, 15, 11, 10, 9, 4, 5, 1], "final_mapping": [14, 15, 11, 9, 10, 4, 5, 1], "olsq_mode": "transition", "crosstalk": 27, "fidelity": 0.5656133211628613, "fidelity_ct": 0.49334144165709487}