{"Device_set": "square_4by4", "M": 8, "D": 41, "g1": 74, "g2": 36, "extra_edge_num": 1, "extra_edge": [[9, 14]], "benchmark": "qcnn", "gates": [[[9, 13], [14, 15], [7, 11], [6, 10]], [[13, 14], [11, 15]], [[10, 11], [9, 14]], [[7, 11]], [[10, 11]], [[10, 14]], [[9, 10]]], "gate_spec": [[" U4", " U4", " U4", " U4"], [" U4", " U4"], [" swap", " U4"], [" U4"], [" U4"], [" U4"], [" U4"]], "initial_mapping": [9, 13, 14, 15, 11, 7, 10, 6], "final_mapping": [9, 13, 14, 15, 10, 7, 11, 6], "olsq_mode": "transition", "crosstalk": 24, "fidelity": 0.5391027392351285, "fidelity_ct": 0.47741537382083943}