{"Device_set": "hh", "M": 10, "D": 47, "g1": 90, "g2": 54, "extra_edge_num": 6, "extra_edge": [[3, 8], [8, 12], [3, 12], [3, 13], [4, 13], [5, 13]], "benchmark": "qcnn", "gates": [[[8, 11], [4, 5], [3, 13]], [[2, 8], [11, 12], [4, 13]], [[13, 14], [8, 11], [2, 3]], [[13, 17], [3, 4], [8, 12]], [[5, 13], [3, 8]], [[3, 12], [4, 13]], [[3, 13]], [[12, 13]]], "gate_spec": [[" swap", " U4", " U4"], [" U4", " U4", " U4"], [" swap", " U4", " U4"], [" U4", " U4", " U4"], [" U4", " U4"], [" U4", " U4"], [" U4"], [" U4"]], "initial_mapping": [12, 8, 11, 2, 3, 13, 4, 5, 14, 17], "final_mapping": [12, 11, 8, 2, 3, 14, 4, 5, 13, 17], "olsq_mode": "transition", "crosstalk": 48, "fidelity": 0.40463770567702156, "fidelity_ct": 0.3173336103124728, "size": "qcnn/10-5-3-2.qasm"}