{"M": 10, "D": 47, "g1": 94, "g2": 51, "extra_edge_num": 4, "extra_edge": [[3, 6], [10, 15], [2, 5], [5, 10]], "benchmark": "qcnn", "gates": [[[7, 11], [10, 15], [3, 6], [1, 2], [4, 5]], [[11, 15], [2, 3], [6, 7], [1, 5]], [[2, 6], [10, 11]], [[6, 10], [2, 5]], [[10, 11]], [[6, 10]], [[5, 10]], [[5, 6]]], "gate_spec": [[" U4", " U4", " U4", " U4", " U4"], [" U4", " U4", " U4", " U4"], [" U4", " U4"], [" swap", " U4"], [" U4"], [" U4"], [" U4"], [" U4"]], "initial_mapping": [10, 15, 11, 7, 6, 3, 2, 1, 5, 4], "final_mapping": [6, 15, 11, 7, 10, 3, 2, 1, 5, 4], "coupling_graph": "00--01--02--03\n|   | / | / |\n04--05--06--07\n|   | \\ |   |\n08--09--10--11\n|   |   | \\ |\n12--13--14--15\n", "olsq_mode": "normal", "cost": 60, "crosstalk": 39, "fidelity": 0.41452824686652784, "fidelity_ct": 0.3402471763653677, "cost-scaled fidelity": 0.00690880411444213, "cost-scaled fidelity_ct": 0.005670786272756129, "size": "qcnn/10-5-3-2.qasm"}