{"M": 10, "D": 43, "g1": 90, "g2": 48, "extra_edge_num": 3, "extra_edge": [[1, 6], [5, 8], [6, 9]], "benchmark": "qcnn", "gates": [[[1, 2], [3, 7], [6, 10], [8, 9], [4, 5]], [[2, 3], [6, 7], [9, 10], [5, 8]], [[1, 2], [6, 9]], [[2, 6], [5, 9]], [[1, 6]], [[5, 6]], [[1, 5]]], "gate_spec": [[" U4", " U4", " U4", " U4", " U4"], [" U4 swap", " U4", " U4", " U4"], [" U4", " U4"], [" U4", " U4"], [" U4"], [" U4"], [" U4"]], "initial_mapping": [1, 2, 3, 7, 6, 10, 9, 8, 5, 4], "final_mapping": [1, 3, 2, 7, 6, 10, 9, 8, 5, 4], "coupling_graph": "00--01--02--03\n|   | \\ |   |\n04--05--06--07\n| / | / |   |\n08--09--10--11\n|   |   |   |\n12--13--14--15\n", "olsq_mode": "normal", "cost": 59, "crosstalk": 39, "fidelity": 0.44199303674877216, "fidelity_ct": 0.36279043434004227, "cost-scaled fidelity": 0.007491407402521562, "cost-scaled fidelity_ct": 0.006148990412543089, "size": "qcnn/10-5-3-2.qasm"}