{"M": 8, "D": 29, "g1": 66, "g2": 36, "extra_edge_num": 2, "extra_edge": [[8, 13], [11, 14]], "benchmark": "qcnn", "gates": [[[8, 9], [10, 11], [13, 14], [6, 7]], [[9, 10], [11, 14]], [[9, 13], [6, 10]], [[8, 9], [10, 11], [13, 14]], [[9, 10]]], "gate_spec": [[" U4 U4", " U4", " U4", " U4"], [" U4 U4", " swap"], [" swap", " swap"], [" U4", " U4", " U4"], [" U4"]], "initial_mapping": [11, 10, 9, 8, 13, 14, 6, 7], "final_mapping": [10, 6, 8, 13, 9, 11, 14, 7], "coupling_graph": "00--01--02--03\n|   |   |   |\n04--05--06--07\n|   |   |   |\n08--09--10--11\n| \\ |   | / |\n12--13--14--15\n", "olsq_mode": "transition", "crosstalk": 33, "fidelity": 0.5934246019143575, "fidelity_ct": 0.5021109954239558, "size": "qcnn/8-4-2.qasm"}