{"M": 8, "D": 35, "g1": 92, "g2": 42, "extra_edge_num": 1, "extra_edge": [[7, 10]], "benchmark": "qcnn", "gates": [[[4, 5], [6, 7], [8, 9], [10, 11]], [[5, 6], [9, 10]], [[6, 7], [8, 9]], [[5, 6], [7, 11], [9, 10]], [[4, 5], [6, 7]], [[5, 6]]], "gate_spec": [[" U4", " U4", " U4", " U4"], [" U4", " swap"], [" U4", " U4"], [" swap", " swap", " U4"], [" U4", " U4"], [" U4"]], "initial_mapping": [9, 8, 10, 11, 5, 4, 6, 7], "final_mapping": [7, 8, 5, 10, 6, 4, 9, 11], "coupling_graph": "00--01--02--03\n|   |   |   |\n04--05--06--07\n|   |   | / |\n08--09--10--11\n|   |   |   |\n12--13--14--15\n", "olsq_mode": "transition", "cost": 57, "crosstalk": 33, "fidelity": 0.5389350929665219, "fidelity_ct": 0.45600609601516984, "cost-scaled fidelity": 0.009455001630991612, "cost-scaled fidelity_ct": 0.00800010694763456, "size": "qcnn/8-4-2.qasm"}