{"Device_set": "hh", "M": 8, "D": 35, "g1": 65, "g2": 36, "extra_edge_num": 3, "extra_edge": [[8, 12], [3, 12], [4, 13]], "benchmark": "qcnn", "gates": [[[2, 8], [11, 12], [3, 4], [13, 17]], [[8, 12], [2, 3], [4, 13]], [[3, 12], [8, 11]], [[12, 13]], [[8, 12]], [[11, 12]]], "gate_spec": [[" U4", " U4", " U4", " U4"], [" U4", " U4", " U4"], [" swap", " U4"], [" U4"], [" U4"], [" U4"]], "initial_mapping": [11, 12, 8, 2, 3, 4, 13, 17], "final_mapping": [11, 3, 8, 2, 12, 4, 13, 17], "olsq_mode": "transition", "crosstalk": 27, "fidelity": 0.5656133211628613, "fidelity_ct": 0.49334144165709487}