{"Device_set": "hh", "M": 8, "D": 31, "g1": 63, "g2": 33, "extra_edge_num": 4, "extra_edge": [[6, 14], [9, 14], [14, 17], [9, 16]], "benchmark": "qcnn", "gates": [[[6, 9], [15, 16], [14, 17], [12, 13]], [[9, 16], [13, 17], [6, 14]], [[9, 15], [13, 14]], [[9, 14]], [[14, 15]]], "gate_spec": [[" U4", " U4", " U4", " U4"], [" U4", " U4", " U4"], [" U4", " U4"], [" U4"], [" U4"]], "initial_mapping": [15, 16, 9, 6, 14, 17, 13, 12], "final_mapping": [15, 16, 9, 6, 14, 17, 13, 12], "olsq_mode": "transition", "crosstalk": 27, "fidelity": 0.5982822752689702, "fidelity_ct": 0.5218360833373895}