{"M": 12, "D": 43, "g1": 118, "g2": 60, "extra_edge_num": 2, "extra_edge": [[10, 13], [5, 10]], "benchmark": "qcnn", "gates": [[[1, 2], [6, 10], [8, 12], [13, 14], [5, 9], [0, 4]], [[8, 9], [12, 13], [2, 6], [10, 14], [1, 5]], [[4, 8], [6, 10], [9, 13]], [[4, 5], [10, 13]], [[5, 6], [9, 10]], [[5, 10]], [[5, 9]]], "gate_spec": [[" U4", " U4", " U4", " U4", " U4", " U4"], [" swap", " U4", " swap U4", " U4", " U4"], [" U4", " U4", " U4"], [" U4", " U4"], [" U4", " U4"], [" U4"], [" U4"]], "initial_mapping": [8, 12, 13, 14, 10, 6, 2, 1, 5, 9, 4, 0], "final_mapping": [9, 12, 13, 14, 10, 2, 6, 1, 5, 8, 4, 0], "coupling_graph": "00--01--02--03\n|   |   |   |\n04--05--06--07\n|   | \\ |   |\n08--09--10--11\n|   | / |   |\n12--13--14--15\n", "olsq_mode": "normal", "cost": 58, "crosstalk": 54, "fidelity": 0.368218344037424, "fidelity_ct": 0.2801311209758846, "cost-scaled fidelity": 0.006348592138576276, "cost-scaled fidelity_ct": 0.0048298469133773204, "size": "qcnn/12-6-3-2.qasm"}