{"Device_set": "square_4by4", "M": 8, "D": 37, "g1": 68, "g2": 36, "extra_edge_num": 2, "extra_edge": [[11, 14], [4, 9]], "benchmark": "qcnn", "gates": [[[14, 15], [11, 10], [9, 4], [5, 1]], [[15, 11], [10, 9], [4, 5]], [[14, 11], [9, 5]], [[9, 10]], [[11, 10]], [[14, 10]]], "gate_spec": [["u4", "u4", "u4", "u4"], ["u4", "u4", "u4"], ["u4", "u4"], ["SWAP"], ["u4"], ["u4"]], "initial_mapping": [14, 15, 11, 10, 9, 4, 5, 1], "final_mapping": [14, 15, 11, 9, 10, 4, 5, 1], "olsq_mode": "transition", "crosstalk": 27, "fidelity": 0.5566346864338668, "fidelity_ct": 0.485510062098693}