{"M": 12, "D": 43, "g1": 107, "g2": 57, "extra_edge_num": 5, "extra_edge": [[1, 4], [11, 14], [9, 14], [4, 9], [7, 10]], "benchmark": "qcnn", "gates": [[[13, 14], [11, 15], [8, 9], [1, 4], [5, 6], [7, 10]], [[9, 13], [14, 15], [4, 8], [1, 5], [7, 11]], [[4, 5], [9, 14], [10, 11]], [[11, 14], [4, 9]], [[10, 14]], [[9, 14]], [[9, 10]]], "gate_spec": [[" U4", " U4", " U4", " U4", " U4", " U4"], [" U4", " U4", " U4", " U4", " U4"], [" U4", " U4", " U4"], [" U4", " U4 swap"], [" U4"], [" U4"], [" U4"]], "initial_mapping": [10, 7, 11, 15, 14, 13, 9, 8, 4, 1, 5, 6], "final_mapping": [10, 7, 11, 15, 14, 13, 4, 8, 9, 1, 5, 6], "coupling_graph": "00--01--02--03\n| / |   |   |\n04--05--06--07\n| \\ |   | / |\n08--09--10--11\n|   | \\ | / |\n12--13--14--15\n", "olsq_mode": "normal", "cost": 61, "crosstalk": 48, "fidelity": 0.3772215194512902, "fidelity_ct": 0.29583270410934515, "cost-scaled fidelity": 0.006183959335267052, "cost-scaled fidelity_ct": 0.004849716460808937, "size": "qcnn/12-6-3-2.qasm"}