{"M": 12, "D": 43, "g1": 116, "g2": 60, "extra_edge_num": 3, "extra_edge": [[8, 13], [10, 13], [5, 8]], "benchmark": "qcnn", "gates": [[[5, 9], [8, 12], [10, 13], [14, 15], [7, 11], [2, 6]], [[5, 8], [12, 13], [10, 14], [11, 15], [6, 7]], [[8, 9], [13, 14], [10, 11]], [[8, 13], [6, 10]], [[10, 14], [9, 13]], [[10, 13]], [[9, 10]]], "gate_spec": [[" U4", " U4", " U4", " U4", " U4", " U4"], [" U4", " U4", " U4", " U4", " U4"], [" U4", " U4", " swap"], [" U4", " U4"], [" U4", " U4"], [" U4"], [" U4"]], "initial_mapping": [9, 5, 8, 12, 13, 10, 14, 15, 11, 7, 6, 2], "final_mapping": [9, 5, 8, 12, 13, 11, 14, 15, 10, 7, 6, 2], "coupling_graph": "00--01--02--03\n|   |   |   |\n04--05--06--07\n| / |   |   |\n08--09--10--11\n| \\ | / |   |\n12--13--14--15\n", "olsq_mode": "normal", "cost": 59, "crosstalk": 54, "fidelity": 0.36821871250161553, "fidelity_ct": 0.28013140129404007, "cost-scaled fidelity": 0.0062409951271460255, "cost-scaled fidelity_ct": 0.004747989852441357, "size": "qcnn/12-6-3-2.qasm"}