{"M": 8, "D": 35, "g1": 71, "g2": 42, "extra_edge_num": 1, "extra_edge": [[1, 4]], "benchmark": "qcnn", "gates": [[[4, 5], [6, 7], [0, 1], [2, 3]], [[5, 6], [1, 2]], [[4, 5], [2, 3]], [[0, 4], [5, 6], [1, 2]], [[4, 5], [6, 7]], [[5, 6]]], "gate_spec": [[" U4", " U4", " U4", " U4"], [" U4", " swap"], [" U4", " U4"], [" swap", " swap", " U4"], [" U4", " U4"], [" U4"]], "initial_mapping": [2, 3, 1, 0, 6, 7, 5, 4], "final_mapping": [4, 3, 6, 1, 5, 7, 2, 0], "coupling_graph": "00--01--02--03\n| / |   |   |\n04--05--06--07\n|   |   |   |\n08--09--10--11\n|   |   |   |\n12--13--14--15\n", "olsq_mode": "transition", "cost": 57, "crosstalk": 33, "fidelity": 0.5389407555901239, "fidelity_ct": 0.45601088729878764, "cost-scaled fidelity": 0.009455100975265331, "cost-scaled fidelity_ct": 0.008000191005241889, "size": "qcnn/8-4-2.qasm"}