{"Device_set": "hh", "M": 10, "D": 73, "g1": 130, "g2": 57, "extra_edge_num": 1, "extra_edge": [[3, 13]], "benchmark": "qcnn", "gates": [[[2, 8], [3, 4], [11, 12], [13, 17], [14, 15]], [[2, 3], [8, 11]], [[3, 13], [11, 12]], [[3, 4]], [[3, 13]], [[12, 13]], [[11, 12]], [[12, 13]], [[13, 14]], [[13, 17]], [[3, 13]], [[12, 13]], [[13, 14]]], "gate_spec": [[" U4", " U4", " U4", " U4", " U4"], [" U4", " swap U4"], [" swap", " U4"], [" U4"], [" U4"], [" swap"], [" U4"], [" U4"], [" swap"], [" U4"], [" U4"], [" U4"], [" U4"]], "initial_mapping": [12, 11, 8, 2, 3, 4, 13, 17, 14, 15], "final_mapping": [14, 8, 11, 2, 12, 4, 3, 17, 13, 15], "olsq_mode": "transition", "crosstalk": 27, "fidelity": 0.3045456798927146, "fidelity_ct": 0.26563201244945706}