{"Device_set": "hh", "M": 10, "D": 43, "g1": 90, "g2": 48, "extra_edge_num": 7, "extra_edge": [[3, 8], [8, 12], [3, 12], [4, 12], [4, 13], [4, 14], [12, 17]], "benchmark": "qcnn", "gates": [[[2, 3], [8, 11], [12, 17], [13, 14], [0, 4]], [[2, 8], [11, 12], [13, 17], [4, 14]], [[3, 8], [12, 13]], [[8, 12], [4, 13]], [[3, 12]], [[4, 12]], [[3, 4]]], "gate_spec": [[" U4", " U4", " U4", " U4", " U4"], [" U4", " U4", " U4", " U4"], [" U4", " U4"], [" U4", " U4"], [" U4"], [" U4"], [" U4"]], "initial_mapping": [3, 2, 8, 11, 12, 17, 13, 14, 4, 0], "final_mapping": [3, 2, 8, 11, 12, 17, 13, 14, 4, 0], "olsq_mode": "transition", "crosstalk": 39, "fidelity": 0.44199303674877216, "fidelity_ct": 0.36279043434004227}