{"Device_set": "hh", "M": 10, "D": 43, "g1": 90, "g2": 48, "extra_edge_num": 7, "extra_edge": [[3, 8], [8, 12], [3, 12], [3, 13], [4, 13], [4, 14], [0, 3]], "benchmark": "qcnn", "gates": [[[2, 8], [11, 12], [0, 3], [4, 14], [13, 17]], [[8, 11], [2, 3], [0, 4], [13, 14]], [[3, 4], [8, 12]], [[3, 8], [4, 13]], [[3, 12]], [[3, 13]], [[12, 13]]], "gate_spec": [[" U4", " U4", " U4", " U4", " U4"], [" U4", " U4", " U4", " U4"], [" U4", " U4"], [" U4", " U4"], [" U4"], [" U4"], [" U4"]], "initial_mapping": [12, 11, 8, 2, 3, 0, 4, 14, 13, 17], "final_mapping": [12, 11, 8, 2, 3, 0, 4, 14, 13, 17], "olsq_mode": "transition", "crosstalk": 39, "fidelity": 0.44199303674877216, "fidelity_ct": 0.36279043434004227}