{"Device_set": "hh", "M": 10, "D": 64, "g1": 153, "g2": 63, "extra_edge_num": 0, "extra_edge": [], "benchmark": "qcnn", "gates": [[[10, 11], [12, 13], [2, 8], [9, 15]], [[13, 17], [11, 12]], [[13, 14], [10, 11]], [[8, 11], [13, 17], [14, 15]], [[2, 8], [12, 13]], [[8, 11], [13, 14]], [[11, 12]], [[8, 11]], [[11, 12]], [[12, 13]], [[11, 12]], [[12, 13]]], "gate_spec": [[" U4", " U4", " U4", " U4"], [" swap", " U4"], [" U4", " swap"], [" swap", " U4", " swap U4"], [" U4", " U4"], [" U4", " U4 swap"], [" swap"], [" U4"], [" U4"], [" swap"], [" U4"], [" U4"]], "initial_mapping": [8, 2, 10, 11, 12, 13, 17, 14, 15, 9], "final_mapping": [13, 2, 8, 10, 11, 17, 14, 15, 12, 9], "olsq_mode": "transition", "crosstalk": 27, "fidelity": 0.3175094460323777, "fidelity_ct": 0.27693931876165273}