{"Device_set": "hh", "M": 10, "D": 47, "g1": 108, "g2": 51, "extra_edge_num": 5, "extra_edge": [[3, 8], [8, 12], [3, 12], [4, 12], [4, 13]], "benchmark": "qcnn", "gates": [[[2, 3], [8, 11], [12, 13], [0, 4], [5, 6]], [[2, 8], [4, 13], [11, 12]], [[3, 8], [4, 12]], [[4, 5], [8, 12]], [[0, 4], [3, 12]], [[4, 5]], [[4, 12]], [[3, 4]]], "gate_spec": [[" U4", " U4", " U4", " U4", " U4"], [" U4", " U4", " U4"], [" U4", " U4"], [" swap", " U4"], [" U4", " U4"], [" U4"], [" U4"], [" U4"]], "initial_mapping": [3, 2, 8, 11, 12, 13, 4, 0, 5, 6], "final_mapping": [3, 2, 8, 11, 12, 13, 5, 0, 4, 6], "olsq_mode": "transition", "crosstalk": 42, "fidelity": 0.41452534324305207, "fidelity_ct": 0.33511556157035344}