{"Device_set": "hh", "M": 10, "D": 47, "g1": 103, "g2": 54, "extra_edge_num": 4, "extra_edge": [[3, 8], [8, 12], [4, 12], [4, 13]], "benchmark": "qcnn", "gates": [[[2, 3], [8, 11], [4, 12], [13, 17], [14, 15]], [[2, 8], [11, 12], [4, 13]], [[3, 8], [12, 13]], [[13, 14], [3, 4], [8, 12]], [[13, 17], [4, 12]], [[13, 14]], [[12, 13]], [[4, 13]]], "gate_spec": [[" U4", " U4", " U4", " U4", " U4"], [" U4", " U4", " U4"], [" U4", " U4"], [" swap", " swap", " U4"], [" U4", " U4"], [" U4"], [" U4"], [" U4"]], "initial_mapping": [3, 2, 8, 11, 12, 4, 13, 17, 14, 15], "final_mapping": [4, 2, 8, 11, 12, 3, 14, 17, 13, 15], "olsq_mode": "transition", "crosstalk": 45, "fidelity": 0.40463507378574776, "fidelity_ct": 0.32218857813077034}