{"Device_set": "hh", "M": 8, "D": 35, "g1": 67, "g2": 39, "extra_edge_num": 2, "extra_edge": [[9, 14], [12, 17]], "benchmark": "qcnn", "gates": [[[6, 9], [14, 15], [13, 17], [11, 12]], [[12, 17], [13, 14], [9, 15]], [[6, 9], [12, 13]], [[13, 14], [9, 15]], [[14, 15]], [[9, 14]]], "gate_spec": [[" U4", " U4", " U4", " U4"], [" U4", " U4", " U4"], [" swap", " U4"], [" swap", " U4"], [" U4"], [" U4"]], "initial_mapping": [6, 9, 15, 14, 13, 17, 12, 11], "final_mapping": [9, 6, 15, 13, 14, 17, 12, 11], "olsq_mode": "transition", "crosstalk": 27, "fidelity": 0.5521162701052643, "fidelity_ct": 0.48156899150831717}