{"M": 12, "D": 51, "g1": 131, "g2": 66, "extra_edge_num": 0, "extra_edge": [], "benchmark": "qcnn", "gates": [[[4, 5], [8, 12], [13, 14], [9, 10], [11, 15], [6, 7]], [[5, 9], [4, 8], [12, 13], [14, 15], [10, 11]], [[8, 9], [5, 6], [13, 14]], [[8, 12], [6, 10]], [[12, 13], [10, 14]], [[9, 13]], [[9, 10]], [[9, 13]], [[9, 10]]], "gate_spec": [[" U4", " U4", " U4", " U4", " U4", " U4"], [" swap", " U4", " U4", " swap U4", " U4"], [" U4", " U4", " U4"], [" swap", " U4"], [" U4", " U4"], [" U4"], [" swap"], [" U4"], [" U4"]], "initial_mapping": [5, 4, 8, 12, 13, 14, 15, 11, 10, 9, 6, 7], "final_mapping": [10, 4, 12, 8, 13, 15, 14, 11, 9, 5, 6, 7], "coupling_graph": "00--01--02--03\n|   |   |   |\n04--05--06--07\n|   |   |   |\n08--09--10--11\n|   |   |   |\n12--13--14--15\n", "olsq_mode": "normal", "cost": 56, "crosstalk": 48, "fidelity": 0.31873740085167745, "fidelity_ct": 0.24996704146649804, "cost-scaled fidelity": 0.005691739300922811, "cost-scaled fidelity_ct": 0.004463697169044608, "size": "qcnn/12-6-3-2.qasm"}