{"Device_set": "square_4by4", "M": 12, "D": 55, "g1": 102, "g2": 54, "extra_edge_num": 1, "extra_edge": [[5, 10]], "benchmark": "qcnn", "gates": [[[8, 9], [13, 14], [10, 11], [1, 2], [5, 6], [0, 4]], [[9, 13], [1, 5], [4, 8]], [[9, 10], [0, 1]], [[10, 14], [5, 9]], [[6, 10]], [[5, 10]], [[5, 6]], [[5, 10]], [[6, 10]]], "gate_spec": [[" U4", " U4", " U4 U4", " U4", " U4", " U4"], [" U4", " U4", " U4"], [" U4", " U4"], [" U4", " U4"], [" U4"], [" U4"], [" U4"], [" U4"], [" U4"]], "initial_mapping": [6, 5, 10, 11, 14, 13, 9, 8, 4, 0, 1, 2], "final_mapping": [6, 4, 14, 11, 10, 13, 9, 8, 5, 0, 1, 2], "olsq_mode": "transition", "crosstalk": 33, "fidelity": 0.33461683760097016, "fidelity_ct": 0.2831274484937633, "size": "qcnn/12-6-3-2.qasm"}