{"Device_set": "square_4by4", "M": 12, "D": 47, "g1": 125, "g2": 63, "extra_edge_num": 3, "extra_edge": [[11, 14], [9, 14], [7, 10]], "benchmark": "qcnn", "gates": [[[8, 9], [12, 13], [14, 15], [7, 11], [6, 10], [2, 3]], [[11, 15], [13, 14], [8, 12], [7, 10]], [[3, 7], [12, 13], [11, 14]], [[6, 7], [9, 13]], [[7, 10], [13, 14]], [[10, 11], [9, 14]], [[10, 14]], [[9, 10]]], "gate_spec": [[" U4", " U4", " U4", " U4", " U4", " U4"], [" U4", " U4", " U4", " U4"], [" swap", " swap", " U4"], [" U4", " U4"], [" U4", " U4"], [" U4", " U4"], [" U4"], [" U4"]], "initial_mapping": [9, 8, 12, 13, 14, 15, 11, 7, 10, 6, 3, 2], "final_mapping": [9, 8, 13, 12, 14, 15, 11, 3, 10, 6, 7, 2], "olsq_mode": "transition", "crosstalk": 57, "fidelity": 0.34258560857511516, "fidelity_ct": 0.25670135515197284, "size": "qcnn/12-6-3-2.qasm"}