{"Device_set": "square_4by4", "M": 12, "D": 43, "g1": 107, "g2": 57, "extra_edge_num": 3, "extra_edge": [[11, 14], [9, 14], [7, 10]], "benchmark": "qcnn", "gates": [[[6, 10], [7, 11], [8, 9], [12, 13], [14, 15], [2, 3]], [[6, 7], [9, 13], [8, 12]], [[7, 10], [13, 14]], [[10, 11], [9, 14]], [[10, 14], [11, 15]], [[9, 10], [13, 14]], [[7, 10], [11, 14]]], "gate_spec": [[" U4", " U4", " U4", " U4", " U4", " U4"], [" U4", " U4", " U4"], [" U4", " U4"], [" U4", " U4"], [" U4", " U4"], [" U4", " U4"], [" U4", " U4"]], "initial_mapping": [9, 8, 12, 13, 14, 15, 11, 7, 10, 6, 3, 2], "final_mapping": [9, 8, 13, 12, 14, 15, 11, 3, 10, 6, 7, 2], "olsq_mode": "transition", "crosstalk": 57, "fidelity": 0.3772215194512902, "fidelity_ct": 0.28265424119355803, "size": "qcnn/12-6-3-2.qasm"}