{"Device_set": "square_4by4", "M": 12, "D": 49, "g1": 109, "g2": 57, "extra_edge_num": 4, "extra_edge": [[10, 15], [9, 14], [7, 10], [6, 9]], "benchmark": "qcnn", "gates": [[[14, 15], [10, 11], [3, 7], [6, 9], [4, 5], [8, 12]], [[13, 14], [7, 11], [10, 15], [4, 8]], [[9, 14], [7, 10]], [[5, 9], [10, 14]], [[6, 9]], [[9, 10]], [[5, 9], [6, 10]], [[5, 6]]], "gate_spec": [[" U4", " U4", " U4", " U4", " U4", " U4"], [" U4", " U4", " U4", " U4"], [" U4", " U4"], [" U4", " U4"], [" U4"], [" U4"], [" U4", " U4"], [" U4"]], "initial_mapping": [6, 9, 5, 4, 8, 12, 14, 15, 10, 11, 7, 3], "final_mapping": [6, 8, 5, 4, 9, 13, 14, 15, 10, 11, 7, 3], "olsq_mode": "transition", "crosstalk": 48, "fidelity": 0.3510159271639841, "fidelity_ct": 0.27528119570012827, "size": "qcnn/12-6-3-2.qasm"}