{"Device_set": "square_4by4", "M": 12, "D": 55, "g1": 123, "g2": 57, "extra_edge_num": 5, "extra_edge": [[3, 6], [9, 14], [4, 9], [7, 10], [5, 10]], "benchmark": "qcnn", "gates": [[[0, 1], [4, 9], [3, 6], [10, 14], [7, 11]], [[1, 2], [4, 5], [6, 10], [3, 7]], [[0, 1]], [[1, 5]], [[5, 9]], [[5, 10], [9, 14]], [[5, 6], [10, 11]], [[6, 7], [9, 10]], [[7, 10]]], "gate_spec": [[" U4", " U4", " U4", " U4", " U4"], [" U4", " U4", " U4", " U4"], [" U4"], [" U4"], [" U4"], [" U4", " U4"], [" U4", " U4"], [" U4", " U4"], [" U4"]], "initial_mapping": [6, 3, 7, 11, 10, 14, 9, 4, 1, 0, 5, 2], "final_mapping": [6, 3, 7, 15, 10, 14, 9, 4, 5, 0, 1, 2], "olsq_mode": "transition", "crosstalk": 45, "fidelity": 0.3266288772123372, "fidelity_ct": 0.260076548829316, "size": "qcnn/12-6-3-2.qasm"}