{"Device_set": "square_4by4", "M": 12, "D": 49, "g1": 117, "g2": 63, "extra_edge_num": 2, "extra_edge": [[10, 13], [5, 8]], "benchmark": "qcnn", "gates": [[[9, 5], [8, 12], [13, 10], [14, 15], [11, 7], [6, 2]], [[5, 8], [12, 13], [10, 14], [15, 11], [7, 6]], [[9, 8], [13, 14], [10, 11]], [[10, 6], [9, 13]], [[8, 9], [14, 10]], [[13, 9]], [[9, 10]], [[13, 10]]], "gate_spec": [["u4", "u4", "u4", "u4", "u4", "u4"], ["u4", "u4", "u4", "u4", "u4"], ["u4", "u4", "SWAP"], ["u4", "SWAP"], ["u4", "u4"], ["u4"], ["u4"], ["u4"]], "initial_mapping": [9, 5, 8, 12, 13, 10, 14, 15, 11, 7, 6, 2], "final_mapping": [13, 5, 8, 12, 9, 11, 14, 15, 10, 7, 6, 2], "olsq_mode": "transition", "crosstalk": 54, "fidelity": 0.33446277276158354, "fidelity_ct": 0.25445074362966125}