{"Device_set": "square_4by4", "M": 12, "D": 43, "g1": 112, "g2": 60, "extra_edge_num": 3, "extra_edge": [[9, 12], [10, 13], [5, 10]], "benchmark": "qcnn", "gates": [[[9, 12], [13, 14], [10, 5], [6, 2], [1, 0], [4, 8]], [[12, 13], [14, 10], [5, 6], [2, 1], [0, 4]], [[9, 13], [10, 6], [1, 5]], [[5, 4], [13, 10]], [[6, 5], [9, 10]], [[10, 5]], [[9, 5]]], "gate_spec": [["u4", "u4", "u4", "u4", "u4", "u4"], ["u4", "u4", "u4", "u4", "u4"], ["u4", "u4", "SWAP"], ["u4", "u4"], ["u4", "u4"], ["u4"], ["u4"]], "initial_mapping": [9, 12, 13, 14, 10, 5, 6, 2, 1, 0, 4, 8], "final_mapping": [9, 12, 13, 14, 10, 1, 6, 2, 5, 0, 4, 8], "olsq_mode": "transition", "crosstalk": 54, "fidelity": 0.36821944943110474, "fidelity_ct": 0.2801319619311926}