{"Device_set": "square_4by4", "M": 12, "D": 59, "g1": 138, "g2": 66, "extra_edge_num": 0, "extra_edge": [], "benchmark": "qcnn", "gates": [[[5, 6], [9, 10], [0, 4], [7, 11], [14, 15], [12, 13]], [[5, 9], [11, 15]], [[9, 10]], [[8, 9], [10, 14]], [[4, 8], [13, 14], [6, 10]], [[8, 12], [9, 13], [4, 5], [10, 11]], [[8, 9]], [[5, 9]], [[9, 13]], [[8, 9]]], "gate_spec": [[" U4", " U4", " swap", " U4", " U4", " U4"], [" U4", " U4"], [" U4"], [" U4", " swap"], [" U4", " U4", " U4"], [" U4", " U4", " U4", " U4"], [" swap"], [" U4"], [" U4"], [" U4"]], "initial_mapping": [9, 10, 13, 12, 8, 0, 5, 6, 14, 15, 11, 7], "final_mapping": [8, 14, 13, 12, 10, 4, 5, 6, 9, 15, 11, 7], "olsq_mode": "transition", "crosstalk": 45, "fidelity": 0.28956044510953394, "fidelity_ct": 0.230561002089878, "size": "qcnn/12-6-3-2.qasm"}