{"M": 14, "D": 63, "g1": 169, "g2": 81, "extra_edge_num": 0, "extra_edge": [], "benchmark": "qcnn", "gates": [[[12, 13], [14, 15], [5, 9], [10, 11], [0, 1], [4, 8], [6, 7]], [[13, 14], [0, 4], [7, 11]], [[9, 13]], [[5, 9], [13, 14]], [[9, 10], [5, 6], [12, 13]], [[1, 5], [10, 14], [8, 9]], [[10, 11], [4, 5]], [[5, 9], [10, 14]], [[5, 6]], [[4, 5], [6, 10]], [[5, 9]]], "gate_spec": [[" U4", " U4", " U4", " U4", " U4", " U4", " U4"], [" U4", " U4", " U4"], [" U4"], [" U4", " swap"], [" U4", " U4", " U4"], [" swap", " U4", " U4"], [" swap", " U4"], [" swap", " U4"], [" U4"], [" U4", " U4"], [" U4"]], "initial_mapping": [1, 0, 4, 8, 9, 5, 6, 7, 11, 10, 13, 12, 14, 15], "final_mapping": [10, 0, 4, 8, 5, 1, 6, 7, 9, 11, 14, 12, 13, 15], "coupling_graph": "00--01--02--03\n|   |   |   |\n04--05--06--07\n|   |   |   |\n08--09--10--11\n|   |   |   |\n12--13--14--15\n", "olsq_mode": "transition", "crosstalk": 69, "fidelity": 0.215636370354225, "fidelity_ct": 0.1520524737744569, "size": "qcnn/14-7-4-2.qasm"}