{"M": 14, "D": 57, "g1": 176, "g2": 78, "extra_edge_num": 0, "extra_edge": [], "benchmark": "qcnn", "gates": [[[6, 10], [7, 11], [1, 5], [2, 3], [14, 15], [8, 9], [12, 13]], [[6, 7], [1, 2], [11, 15], [10, 14]], [[5, 6], [3, 7]], [[5, 9], [7, 11], [2, 6]], [[9, 10], [6, 7]], [[9, 13], [2, 6], [10, 11]], [[8, 9], [6, 7]], [[9, 13]], [[9, 10]], [[6, 10]]], "gate_spec": [[" U4", " U4", " U4", " U4", " U4", " U4", " U4"], [" U4", " U4", " U4 swap", " U4"], [" swap", " U4"], [" U4", " U4", " U4"], [" U4", " swap"], [" swap", " U4", " U4"], [" U4", " U4"], [" U4"], [" U4"], [" U4"]], "initial_mapping": [5, 1, 2, 3, 7, 11, 15, 14, 10, 6, 9, 8, 13, 12], "final_mapping": [7, 1, 2, 3, 10, 15, 11, 14, 6, 5, 13, 8, 9, 12], "coupling_graph": "00--01--02--03\n|   |   |   |\n04--05--06--07\n|   |   |   |\n08--09--10--11\n|   |   |   |\n12--13--14--15\n", "olsq_mode": "transition", "cost": 56, "crosstalk": 63, "fidelity": 0.24026464989410307, "fidelity_ct": 0.1746445910305779, "cost-scaled fidelity": 0.004290440176680412, "cost-scaled fidelity_ct": 0.0031186534112603195, "size": "qcnn/14-7-4-2.qasm"}