{"M": 14, "D": 51, "g1": 144, "g2": 78, "extra_edge_num": 0, "extra_edge": [], "benchmark": "qcnn", "gates": [[[5, 6], [8, 9], [1, 2], [0, 4], [3, 7], [12, 13], [10, 14]], [[5, 9], [4, 8], [2, 3], [13, 14]], [[1, 5]], [[5, 6], [0, 1]], [[5, 9], [6, 7], [1, 2]], [[9, 10], [4, 5]], [[0, 4], [6, 10], [9, 13]], [[0, 1], [2, 6], [9, 10]], [[1, 5]]], "gate_spec": [[" U4", " U4", " U4", " U4", " U4", " U4", " U4"], [" U4", " U4", " swap U4", " U4"], [" U4"], [" U4", " U4"], [" swap", " U4", " U4"], [" U4", " U4"], [" swap", " U4", " swap"], [" U4", " U4", " U4"], [" U4"]], "initial_mapping": [9, 8, 4, 0, 1, 2, 3, 7, 6, 5, 10, 14, 13, 12], "final_mapping": [6, 8, 0, 4, 1, 3, 2, 7, 5, 13, 10, 14, 9, 12], "coupling_graph": "00--01--02--03\n|   |   |   |\n04--05--06--07\n|   |   |   |\n08--09--10--11\n|   |   |   |\n12--13--14--15\n", "olsq_mode": "transition", "crosstalk": 72, "fidelity": 0.26132295930908056, "fidelity_ct": 0.18148977091136503, "size": "qcnn/14-7-4-2.qasm"}