{"Device_set": "hh", "M": 10, "D": 73, "g1": 141, "g2": 69, "extra_edge_num": 0, "extra_edge": [], "benchmark": "qcnn", "gates": [[[8, 2], [10, 11], [12, 13], [15, 9]], [[11, 12], [13, 17]], [[13, 14], [10, 11]], [[17, 13], [8, 11], [14, 15]], [[2, 8], [15, 14], [12, 13]], [[11, 8], [13, 14]], [[11, 12], [13, 14]], [[8, 11]], [[12, 11]], [[12, 13]], [[11, 12]], [[13, 12]]], "gate_spec": [["u4", "u4", "u4", "u4"], ["u4", "SWAP"], ["u4", "SWAP"], ["u4", "SWAP", "SWAP"], ["u4", "u4", "u4"], ["u4", "u4"], ["SWAP", "SWAP"], ["u4"], ["u4"], ["SWAP"], ["u4"], ["u4"]], "initial_mapping": [8, 2, 10, 11, 12, 13, 17, 14, 15, 9], "final_mapping": [13, 2, 8, 10, 11, 17, 14, 15, 12, 9], "olsq_mode": "transition", "crosstalk": 36, "fidelity": 0.2765002038062534, "fidelity_ct": 0.2304266723707733}