{"M": 12, "D": 43, "g1": 107, "g2": 57, "extra_edge_num": 4, "extra_edge": [[8, 13], [9, 14], [5, 8], [6, 9]], "benchmark": "qcnn", "gates": [[[8, 12], [13, 14], [9, 10], [5, 6], [0, 4], [1, 2]], [[12, 13], [6, 10], [9, 14], [0, 1], [4, 5]], [[6, 9], [8, 13], [1, 5]], [[9, 13], [5, 6]], [[8, 9]], [[5, 9]], [[5, 8]]], "gate_spec": [[" U4", " U4", " U4", " U4", " U4", " U4"], [" U4", " U4", " U4", " U4", " swap U4"], [" U4", " U4", " U4"], [" U4", " U4"], [" U4"], [" U4"], [" U4"]], "initial_mapping": [8, 12, 13, 14, 9, 10, 6, 5, 4, 0, 1, 2], "final_mapping": [8, 12, 13, 14, 9, 10, 6, 4, 5, 0, 1, 2], "coupling_graph": "00--01--02--03\n|   |   |   |\n04--05--06--07\n| / | / |   |\n08--09--10--11\n| \\ | \\ |   |\n12--13--14--15\n", "olsq_mode": "normal", "cost": 60, "crosstalk": 48, "fidelity": 0.3772215194512902, "fidelity_ct": 0.29583270410934515, "cost-scaled fidelity": 0.006287025324188169, "cost-scaled fidelity_ct": 0.004930545068489086, "size": "qcnn/12-6-3-2.qasm"}