{"Device_set": "square_4by4", "M": 10, "D": 43, "g1": 90, "g2": 48, "extra_edge_num": 5, "extra_edge": [[8, 13], [10, 13], [4, 9], [6, 11], [6, 9]], "benchmark": "qcnn", "gates": [[[5, 6], [10, 11], [4, 9], [8, 12], [13, 14]], [[6, 11], [4, 8], [5, 9], [12, 13]], [[6, 10], [8, 9]], [[6, 9], [8, 13]], [[9, 10]], [[9, 13]], [[10, 13]]], "gate_spec": [[" U4", " U4", " U4", " U4", " U4"], [" U4", " U4", " U4", " U4"], [" U4", " U4"], [" U4", " U4"], [" U4"], [" U4"], [" U4"]], "initial_mapping": [10, 11, 6, 5, 9, 4, 8, 12, 13, 14], "final_mapping": [10, 11, 6, 5, 9, 4, 8, 12, 13, 14], "olsq_mode": "transition", "crosstalk": 39, "fidelity": 0.44199303674877216, "fidelity_ct": 0.36279043434004227}