{"M": 10, "D": 55, "g1": 85, "g2": 45, "extra_edge_num": 4, "extra_edge": [[11, 14], [9, 14], [7, 10], [6, 11]], "benchmark": "qcnn", "gates": [[[9, 14], [11, 15], [7, 10], [1, 5], [2, 6]], [[14, 15], [5, 6]], [[11, 14]], [[10, 14]], [[10, 11]], [[6, 10]], [[6, 11], [9, 10]], [[6, 7]], [[6, 10]]], "gate_spec": [[" U4", " U4", " U4", " U4", " U4 U4"], [" U4", " U4"], [" U4"], [" U4"], [" U4"], [" U4"], [" U4", " U4"], [" U4"], [" U4"]], "initial_mapping": [11, 15, 14, 9, 10, 7, 6, 2, 5, 1], "final_mapping": [11, 15, 14, 9, 10, 7, 5, 2, 6, 1], "coupling_graph": "00--01--02--03\n|   |   |   |\n04--05--06--07\n|   |   | X |\n08--09--10--11\n|   | \\ | / |\n12--13--14--15\n", "olsq_mode": "transition", "cost": 60, "crosstalk": 21, "fidelity": 0.4015964132631456, "fidelity_ct": 0.3610867723725817, "cost-scaled fidelity": 0.00669327355438576, "cost-scaled fidelity_ct": 0.006018112872876361, "size": "qcnn/10-5-3-2.qasm"}