{"Device_set": "square_4by4", "M": 10, "D": 67, "g1": 121, "g2": 57, "extra_edge_num": 0, "extra_edge": [], "benchmark": "qcnn", "gates": [[[6, 5], [9, 13], [14, 15], [11, 7]], [[5, 9], [13, 14], [15, 11], [6, 10]], [[6, 2], [10, 9]], [[7, 6], [10, 14]], [[10, 11]], [[9, 10]], [[14, 10]], [[6, 10]], [[11, 10]], [[6, 10]], [[14, 10]]], "gate_spec": [["u4", "u4", "u4", "u4"], ["u4", "u4", "u4", "SWAP"], ["u4", "u4"], ["u4", "SWAP"], ["u4"], ["u4"], ["u4"], ["SWAP"], ["u4"], ["u4"], ["u4"]], "initial_mapping": [6, 5, 9, 13, 14, 15, 11, 7, 10, 2], "final_mapping": [14, 5, 9, 13, 6, 15, 11, 7, 10, 2], "olsq_mode": "transition", "crosstalk": 36, "fidelity": 0.3233791891765271, "fidelity_ct": 0.26949416112589747}