{"Device_set": "square_4by4", "M": 8, "D": 37, "g1": 63, "g2": 33, "extra_edge_num": 1, "extra_edge": [[7, 10]], "benchmark": "qcnn", "gates": [[[6, 7], [10, 11], [14, 15], [9, 13]], [[7, 10]], [[10, 14], [7, 11]], [[6, 10], [13, 14]], [[9, 10]], [[7, 10]]], "gate_spec": [[" U4", " U4", " U4", " U4"], [" U4"], [" U4", " U4"], [" U4", " U4"], [" U4"], [" U4"]], "initial_mapping": [10, 11, 7, 6, 9, 13, 14, 15], "final_mapping": [9, 11, 6, 7, 10, 13, 14, 15], "olsq_mode": "transition", "crosstalk": 24, "fidelity": 0.5702430507684597, "fidelity_ct": 0.5049924243338374, "size": "qcnn/8-4-2.qasm"}