{"Device_set": "square_4by4", "M": 8, "D": 31, "g1": 63, "g2": 33, "extra_edge_num": 3, "extra_edge": [[11, 14], [9, 14], [5, 10]], "benchmark": "qcnn", "gates": [[[9, 14], [11, 15], [5, 10], [2, 6]], [[14, 15], [5, 6], [9, 10]], [[6, 10], [11, 14]], [[10, 14]], [[10, 11]]], "gate_spec": [[" U4", " U4", " U4", " U4"], [" U4", " U4", " U4"], [" U4", " U4"], [" U4"], [" U4"]], "initial_mapping": [11, 15, 14, 9, 10, 5, 6, 2], "final_mapping": [11, 15, 14, 9, 10, 5, 6, 2], "olsq_mode": "transition", "crosstalk": 27, "fidelity": 0.5982822752689702, "fidelity_ct": 0.5218360833373895, "size": "qcnn/8-4-2.qasm"}