{"Device_set": "square_4by4", "M": 8, "D": 41, "g1": 65, "g2": 36, "extra_edge_num": 2, "extra_edge": [[9, 12], [10, 13]], "benchmark": "qcnn", "gates": [[[9, 12], [13, 14], [7, 11]], [[10, 11], [12, 13]], [[11, 15], [10, 14], [9, 13]], [[7, 11]], [[10, 11]], [[10, 13]], [[9, 10]]], "gate_spec": [[" U4", " U4", " U4"], [" swap", " U4"], [" U4", " U4", " U4"], [" U4"], [" U4"], [" U4"], [" U4"]], "initial_mapping": [9, 12, 13, 14, 11, 7, 10, 15], "final_mapping": [9, 12, 13, 14, 10, 7, 11, 15], "olsq_mode": "transition", "crosstalk": 24, "fidelity": 0.5391051668214429, "fidelity_ct": 0.4774175236281832, "size": "qcnn/8-4-2.qasm"}