{"Device_set": "square_4by4", "M": 8, "D": 43, "g1": 68, "g2": 36, "extra_edge_num": 1, "extra_edge": [[9, 14]], "benchmark": "qcnn", "gates": [[[9, 13], [14, 15], [11, 7], [10, 6]], [[13, 14], [15, 11]], [[9, 14], [10, 11]], [[7, 11]], [[10, 11]], [[14, 10]], [[9, 10]]], "gate_spec": [["u4", "u4", "u4", "u4"], ["u4", "u4"], ["u4", "SWAP"], ["u4"], ["u4"], ["u4"], ["u4"]], "initial_mapping": [9, 13, 14, 15, 11, 7, 10, 6], "final_mapping": [9, 13, 14, 15, 10, 7, 11, 6], "olsq_mode": "transition", "crosstalk": 24, "fidelity": 0.5305473266994108, "fidelity_ct": 0.46983892284652956}