{"Device_set": "square_4by4", "M": 12, "D": 67, "g1": 128, "g2": 60, "extra_edge_num": 5, "extra_edge": [[9, 12], [2, 5], [4, 9], [6, 11], [6, 9]], "benchmark": "qcnn", "gates": [[[9, 8], [12, 13], [5, 2], [6, 7], [11, 15]], [[8, 12], [2, 6], [7, 11]], [[9, 12], [6, 11]], [[9, 10]], [[9, 4]], [[13, 9], [4, 5]], [[9, 5]], [[12, 9], [5, 6]], [[10, 9]], [[9, 6]], [[10, 6]]], "gate_spec": [["u4", "u4", "u4", "u4", "u4"], ["u4", "u4", "u4"], ["u4", "u4"], ["SWAP"], ["u4"], ["u4", "u4"], ["u4"], ["u4", "u4"], ["u4"], ["u4"], ["u4"]], "initial_mapping": [9, 8, 12, 13, 10, 4, 5, 2, 6, 7, 11, 15], "final_mapping": [10, 8, 12, 13, 9, 4, 5, 2, 6, 7, 11, 15], "olsq_mode": "transition", "crosstalk": 39, "fidelity": 0.2760745906197741, "fidelity_ct": 0.22660361660431835}