{"Device_set": "square_4by4", "M": 12, "D": 43, "g1": 107, "g2": 57, "extra_edge_num": 6, "extra_edge": [[9, 12], [1, 4], [10, 13], [4, 9], [7, 10], [5, 10]], "benchmark": "qcnn", "gates": [[[5, 1], [4, 8], [9, 12], [13, 14], [10, 11], [7, 6]], [[1, 4], [8, 9], [12, 13], [14, 10], [11, 7]], [[5, 4], [9, 13], [10, 7]], [[4, 9], [13, 10]], [[5, 9]], [[9, 10]], [[5, 10]]], "gate_spec": [["u4", "u4", "u4", "u4", "u4", "u4"], ["u4", "u4", "u4", "u4", "u4"], ["u4", "u4", "u4"], ["u4", "u4"], ["u4"], ["u4"], ["u4"]], "initial_mapping": [5, 1, 4, 8, 9, 12, 13, 14, 10, 11, 7, 6], "final_mapping": [5, 1, 4, 8, 9, 12, 13, 14, 10, 11, 7, 6], "olsq_mode": "transition", "crosstalk": 48, "fidelity": 0.3772215194512902, "fidelity_ct": 0.29583270410934515}