{"Device_set": "square_4by4", "M": 12, "D": 55, "g1": 112, "g2": 60, "extra_edge_num": 4, "extra_edge": [[11, 14], [4, 9], [6, 11], [5, 10]], "benchmark": "qcnn", "gates": [[[10, 5], [6, 7], [11, 15], [14, 13], [9, 4], [8, 12]], [[5, 6], [7, 11], [15, 14], [13, 9], [4, 8]], [[10, 6], [11, 14], [9, 8]], [[6, 11]], [[10, 11]], [[9, 10]], [[14, 10]], [[11, 10]], [[9, 10]]], "gate_spec": [["u4", "u4", "u4", "u4", "u4", "u4"], ["u4", "u4", "u4", "u4", "u4"], ["u4", "u4", "u4"], ["u4"], ["u4"], ["SWAP"], ["u4"], ["u4"], ["u4"]], "initial_mapping": [10, 5, 6, 7, 11, 15, 14, 13, 9, 4, 8, 12], "final_mapping": [9, 5, 6, 7, 11, 15, 14, 13, 10, 4, 8, 12], "olsq_mode": "transition", "crosstalk": 42, "fidelity": 0.3188367098594996, "fidelity_ct": 0.2577578061642457}