{"Device_set": "square_4by4", "M": 12, "D": 61, "g1": 117, "g2": 63, "extra_edge_num": 1, "extra_edge": [[5, 10]], "benchmark": "qcnn", "gates": [[[9, 5], [10, 14], [11, 7], [6, 2], [1, 0], [4, 8]], [[5, 10], [7, 6], [2, 1], [0, 4]], [[9, 10], [1, 5]], [[5, 4], [10, 11]], [[14, 10]], [[10, 6]], [[11, 10], [6, 5]], [[9, 10]], [[10, 5]], [[9, 5]]], "gate_spec": [["u4", "u4", "u4", "u4", "u4", "u4"], ["u4", "u4", "u4", "u4"], ["u4", "SWAP"], ["u4", "SWAP"], ["u4"], ["u4"], ["u4", "u4"], ["u4"], ["u4"], ["u4"]], "initial_mapping": [9, 5, 10, 14, 11, 7, 6, 2, 1, 0, 4, 8], "final_mapping": [9, 1, 11, 14, 10, 7, 6, 2, 5, 0, 4, 8], "olsq_mode": "transition", "crosstalk": 48, "fidelity": 0.28960721711616516, "fidelity_ct": 0.2271219475858149}