{"Device_set": "square_4by4", "M": 12, "D": 73, "g1": 122, "g2": 66, "extra_edge_num": 0, "extra_edge": [], "benchmark": "qcnn", "gates": [[[6, 10], [7, 3], [2, 1], [5, 9], [11, 15], [14, 13]], [[3, 2], [1, 5], [15, 14], [10, 11]], [[11, 7], [9, 10]], [[6, 7], [10, 14]], [[2, 6]], [[6, 5]], [[7, 6]], [[2, 6]], [[6, 10]], [[5, 6]], [[10, 6]], [[2, 6]]], "gate_spec": [["u4", "u4", "u4", "u4", "u4", "u4"], ["u4", "u4", "u4", "SWAP"], ["u4", "u4"], ["u4", "u4"], ["SWAP"], ["u4"], ["u4"], ["u4"], ["SWAP"], ["u4"], ["u4"], ["u4"]], "initial_mapping": [6, 10, 7, 3, 2, 1, 5, 9, 11, 15, 14, 13], "final_mapping": [2, 11, 7, 3, 10, 1, 5, 9, 6, 15, 14, 13], "olsq_mode": "transition", "crosstalk": 42, "fidelity": 0.24478299220892455, "fidelity_ct": 0.1978904094384104}