{"M": 12, "D": 53, "g1": 145, "g2": 66, "extra_edge_num": 0, "extra_edge": [], "benchmark": "qcnn", "gates": [[[4, 8], [5, 6], [0, 1], [12, 13]], [[4, 5], [6, 7]], [[5, 9], [2, 6], [0, 4]], [[9, 13], [1, 5], [6, 7]], [[13, 14], [8, 9], [1, 2], [5, 6]], [[12, 13], [1, 5]], [[4, 5], [9, 13]], [[5, 6]], [[1, 5]]], "gate_spec": [[" U4", " U4", " U4", " U4"], [" U4", " swap"], [" U4", " U4", " U4"], [" swap", " U4", " U4"], [" U4", " U4", " U4", " U4"], [" U4", " swap"], [" U4", " U4"], [" U4"], [" U4"]], "initial_mapping": [5, 6, 7, 2, 1, 0, 4, 8, 13, 12, 9, 14], "final_mapping": [1, 7, 6, 2, 9, 0, 4, 8, 5, 12, 13, 14], "coupling_graph": "00--01--02--03\n|   |   |   |\n04--05--06--07\n|   |   |   |\n08--09--10--11\n|   |   |   |\n12--13--14--15\n", "olsq_mode": "transition", "crosstalk": 54, "fidelity": 0.3111765899198603, "fidelity_ct": 0.23673520987548638, "size": "qcnn/12-6-3-2.qasm"}