{"M": 12, "D": 39, "g1": 119, "g2": 60, "extra_edge_num": 0, "extra_edge": [], "benchmark": "qcnn", "gates": [[[4, 5], [9, 10], [0, 1], [2, 6], [8, 12], [13, 14]], [[5, 9], [1, 2], [0, 4], [12, 13]], [[8, 9], [1, 5]], [[9, 10], [4, 8], [5, 6]], [[9, 13], [4, 5]], [[5, 6], [8, 9]], [[4, 5]]], "gate_spec": [[" U4 U4", " U4", " U4", " U4", " U4", " U4"], [" U4 U4", " U4", " U4", " U4"], [" swap", " swap"], [" U4", " U4", " U4"], [" U4", " U4"], [" swap", " U4"], [" U4"]], "initial_mapping": [6, 2, 1, 0, 4, 5, 9, 10, 8, 12, 13, 14], "final_mapping": [9, 2, 6, 0, 4, 1, 8, 10, 5, 12, 13, 14], "coupling_graph": "00--01--02--03\n|   |   |   |\n04--05--06--07\n|   |   |   |\n08--09--10--11\n|   |   |   |\n12--13--14--15\n", "olsq_mode": "transition", "crosstalk": 57, "fidelity": 0.38632368802547185, "fidelity_ct": 0.2894745481455408, "size": "qcnn/12-6-3-2.qasm"}