{"M": 12, "D": 57, "g1": 140, "g2": 66, "extra_edge_num": 1, "extra_edge": [[6, 11]], "benchmark": "qcnn", "gates": [[[5, 9], [1, 2], [0, 4], [8, 12], [13, 14], [10, 11]], [[5, 6], [12, 13]], [[5, 9], [6, 11]], [[1, 5], [8, 9], [2, 6]], [[4, 8], [9, 10], [0, 1]], [[4, 5], [9, 13]], [[1, 5]], [[5, 6]], [[4, 5]], [[1, 5]]], "gate_spec": [[" U4", " U4", " U4", " U4", " U4", " U4"], [" U4", " U4"], [" U4", " swap"], [" U4", " swap", " U4"], [" U4", " U4", " U4"], [" U4", " U4"], [" swap"], [" U4"], [" U4"], [" U4"]], "initial_mapping": [5, 9, 4, 0, 1, 2, 11, 10, 8, 12, 13, 14], "final_mapping": [1, 8, 4, 0, 9, 2, 6, 10, 5, 12, 13, 14], "coupling_graph": "00--01--02--03\n|   |   |   |\n04--05--06--07\n|   |   | \\ |\n08--09--10--11\n|   |   |   |\n12--13--14--15\n", "olsq_mode": "transition", "crosstalk": 48, "fidelity": 0.2965936635781048, "fidelity_ct": 0.2326010076138779, "size": "qcnn/12-6-3-2.qasm"}