{"M": 12, "D": 65, "g1": 109, "g2": 60, "extra_edge_num": 2, "extra_edge": [[4, 9], [6, 9]], "benchmark": "qcnn", "gates": [[[10, 11], [13, 14], [4, 9], [8, 12], [0, 1], [5, 6]], [[10, 14], [1, 5]], [[9, 10]], [[8, 9]], [[9, 13]], [[4, 9], [12, 13]], [[4, 8], [6, 9]], [[0, 4], [8, 9]], [[4, 5]], [[5, 9]], [[4, 9]]], "gate_spec": [[" U4", " U4", " U4", " U4", " U4", " U4"], [" U4", " U4"], [" U4"], [" U4"], [" U4"], [" U4", " U4"], [" U4", " U4"], [" swap", " U4"], [" U4"], [" U4"], [" U4"]], "initial_mapping": [0, 1, 5, 6, 9, 4, 8, 12, 13, 14, 10, 11], "final_mapping": [4, 1, 5, 6, 13, 0, 8, 12, 9, 14, 10, 11], "coupling_graph": "00--01--02--03\n|   |   |   |\n04--05--06--07\n| \\ | / |   |\n08--09--10--11\n|   |   |   |\n12--13--14--15\n", "olsq_mode": "transition", "cost": 58, "crosstalk": 36, "fidelity": 0.2827832184075536, "fidelity_ct": 0.23566274137580392, "cost-scaled fidelity": 0.004875572731164717, "cost-scaled fidelity_ct": 0.00406315071337593, "size": "qcnn/12-6-3-2.qasm"}