{"M": 12, "D": 55, "g1": 107, "g2": 57, "extra_edge_num": 3, "extra_edge": [[11, 14], [9, 14], [7, 10]], "benchmark": "qcnn", "gates": [[[7, 10], [11, 15], [4, 8], [1, 5], [9, 14], [12, 13]], [[7, 11], [4, 5], [8, 12]], [[10, 11], [5, 9]], [[11, 14], [9, 13]], [[10, 14]], [[9, 14]], [[9, 10], [14, 15]], [[9, 13]], [[13, 14]]], "gate_spec": [[" U4", " U4", " U4", " U4", " U4", " U4"], [" U4", " U4", " U4"], [" U4", " U4"], [" U4", " U4"], [" U4"], [" U4"], [" U4", " U4"], [" U4"], [" U4"]], "initial_mapping": [10, 7, 11, 15, 14, 9, 13, 12, 8, 4, 5, 1], "final_mapping": [10, 7, 11, 15, 14, 8, 13, 12, 9, 4, 5, 1], "coupling_graph": "00--01--02--03\n|   |   |   |\n04--05--06--07\n|   |   | / |\n08--09--10--11\n|   | \\ | / |\n12--13--14--15\n", "olsq_mode": "transition", "cost": 59, "crosstalk": 42, "fidelity": 0.32663149199714925, "fidelity_ct": 0.26405935765188404, "cost-scaled fidelity": 0.00553612698300253, "cost-scaled fidelity_ct": 0.004475582333082781, "size": "qcnn/12-6-3-2.qasm"}