{"M": 12, "D": 45, "g1": 124, "g2": 63, "extra_edge_num": 0, "extra_edge": [], "benchmark": "qcnn", "gates": [[[8, 12], [9, 10], [4, 5], [0, 1], [2, 6], [13, 14]], [[8, 9], [1, 2], [0, 4], [12, 13]], [[5, 9]], [[8, 9], [1, 5]], [[9, 10], [4, 8], [5, 6]], [[9, 13], [4, 5]], [[5, 6], [8, 9]], [[4, 5]]], "gate_spec": [[" U4", " U4", " U4", " U4", " U4", " U4"], [" U4", " U4", " U4", " U4"], [" U4 U4"], [" swap", " swap"], [" U4", " U4", " U4"], [" U4", " U4"], [" swap", " U4"], [" U4"]], "initial_mapping": [6, 2, 1, 0, 4, 5, 9, 10, 8, 12, 13, 14], "final_mapping": [5, 2, 6, 0, 8, 1, 4, 10, 9, 12, 13, 14], "coupling_graph": "00--01--02--03\n|   |   |   |\n04--05--06--07\n|   |   |   |\n08--09--10--11\n|   |   |   |\n12--13--14--15\n", "olsq_mode": "transition", "crosstalk": 57, "fidelity": 0.35090729748281846, "fidelity_ct": 0.26293684422766816, "size": "qcnn/12-6-3-2.qasm"}