{"Device_set": "hh", "M": 10, "D": 24, "g1": 15, "g2": 33, "extra_edge_num": 8, "extra_edge": [[3, 12], [4, 13], [5, 13], [6, 14], [0, 3], [0, 5], [12, 17], [14, 17]], "benchmark": "qaoa", "gates": [[[4, 13], [14, 6]], [[4, 0], [13, 12], [14, 17]], [[4, 3], [13, 5], [14, 15]], [[6, 5], [14, 15]], [[6, 14], [0, 5]], [[0, 3], [14, 17]], [[17, 12]], [[12, 3]]], "gate_spec": [["ZZ", "ZZ"], ["ZZ", "ZZ", "ZZ"], ["ZZ", "ZZ", "ZZ"], ["ZZ", "SWAP"], ["ZZ", "ZZ"], ["ZZ", "ZZ"], ["ZZ"], ["ZZ"]], "initial_mapping": [4, 13, 15, 14, 0, 3, 12, 17, 6, 5], "final_mapping": [4, 13, 14, 15, 0, 3, 12, 17, 6, 5], "olsq_mode": "transition", "crosstalk": 24, "fidelity": 0.6031022135957027, "fidelity_ct": 0.5340916448773375}