{"Device_set": "hh", "M": 10, "D": 47, "g1": 103, "g2": 54, "extra_edge_num": 4, "extra_edge": [[4, 13], [4, 14], [5, 14], [5, 15]], "benchmark": "qcnn", "gates": [[[6, 9], [5, 15], [13, 14], [0, 4], [2, 3]], [[4, 13], [5, 14], [9, 15]], [[5, 6], [4, 14]], [[3, 4], [5, 15]], [[0, 4], [14, 15]], [[3, 4], [5, 14]], [[4, 14]], [[4, 5]]], "gate_spec": [[" U4", " U4", " U4", " U4", " U4"], [" U4", " U4", " U4"], [" swap", " U4"], [" swap", " U4"], [" U4", " U4"], [" U4", " U4"], [" U4"], [" U4"]], "initial_mapping": [6, 9, 15, 5, 14, 13, 4, 0, 3, 2], "final_mapping": [5, 9, 15, 6, 14, 13, 3, 0, 4, 2], "olsq_mode": "transition", "crosstalk": 48, "fidelity": 0.40463507378574776, "fidelity_ct": 0.3173315462745739, "size": "qcnn/10-5-3-2.qasm"}