{"Device_set": "hh", "M": 10, "D": 47, "g1": 96, "g2": 57, "extra_edge_num": 3, "extra_edge": [[4, 13], [4, 14], [5, 14]], "benchmark": "qcnn", "gates": [[[5, 6], [9, 15], [4, 14], [13, 17], [11, 12]], [[4, 5], [13, 14], [6, 9]], [[5, 6], [14, 15], [4, 13]], [[12, 13], [5, 14]], [[13, 17], [4, 5]], [[4, 14], [12, 13]], [[4, 13]], [[13, 14]]], "gate_spec": [[" U4", " U4", " U4", " U4", " U4"], [" U4", " U4", " U4"], [" swap", " swap", " U4"], [" swap", " U4"], [" U4", " U4"], [" U4", " U4"], [" U4"], [" U4"]], "initial_mapping": [15, 9, 6, 5, 4, 14, 13, 17, 12, 11], "final_mapping": [14, 9, 5, 6, 4, 15, 12, 17, 13, 11], "olsq_mode": "transition", "crosstalk": 51, "fidelity": 0.39498117411956746, "fidelity_ct": 0.3050908812470709, "size": "qcnn/10-5-3-2.qasm"}