{"Device_set": "hh", "M": 10, "D": 59, "g1": 112, "g2": 54, "extra_edge_num": 5, "extra_edge": [[3, 12], [3, 13], [4, 13], [5, 13], [5, 15]], "benchmark": "qcnn", "gates": [[[3, 12], [13, 17], [0, 4], [5, 6], [14, 15]], [[4, 5], [12, 13]], [[3, 13], [5, 15], [0, 4]], [[13, 14]], [[13, 17]], [[5, 13]], [[13, 14], [4, 5]], [[3, 13]], [[4, 13]], [[3, 4]]], "gate_spec": [[" U4", " U4", " U4", " U4", " U4"], [" swap", " U4"], [" U4", " U4", " U4"], [" swap"], [" U4"], [" U4"], [" U4", " U4"], [" U4"], [" U4"], [" U4"]], "initial_mapping": [3, 12, 13, 17, 14, 15, 4, 0, 5, 6], "final_mapping": [3, 12, 14, 17, 13, 15, 5, 0, 4, 6], "olsq_mode": "transition", "crosstalk": 36, "fidelity": 0.3588775003233041, "fidelity_ct": 0.29907734985318607, "size": "qcnn/10-5-3-2.qasm"}