{"Device_set": "hh", "M": 10, "D": 53, "g1": 101, "g2": 54, "extra_edge_num": 6, "extra_edge": [[3, 12], [3, 13], [4, 13], [5, 13], [5, 14], [6, 14]], "benchmark": "qcnn", "gates": [[[6, 14], [9, 15], [4, 13], [3, 12]], [[3, 4], [13, 14], [6, 9]], [[14, 15], [3, 13]], [[5, 13], [6, 14]], [[13, 17], [5, 6]], [[12, 13], [5, 14]], [[3, 13]], [[5, 13]], [[13, 14]]], "gate_spec": [[" U4", " U4", " U4", " U4"], [" U4", " U4", " U4"], [" swap", " U4"], [" swap", " U4"], [" U4", " U4"], [" U4", " U4"], [" U4"], [" U4"], [" U4"]], "initial_mapping": [15, 9, 6, 14, 13, 4, 3, 12, 5, 17], "final_mapping": [14, 9, 6, 15, 5, 4, 3, 12, 13, 17], "olsq_mode": "transition", "crosstalk": 45, "fidelity": 0.3810713428610532, "fidelity_ct": 0.30342607963786083, "size": "qcnn/10-5-3-2.qasm"}