{"M": 10, "D": 53, "g1": 92, "g2": 51, "extra_edge_num": 2, "extra_edge": [[9, 14], [5, 10]], "benchmark": "qcnn", "gates": [[[5, 10], [6, 7], [8, 9], [11, 15], [13, 14]], [[5, 6], [7, 11], [14, 15]], [[6, 10]], [[5, 10]], [[9, 10]], [[5, 9], [6, 10]], [[10, 11], [9, 13]], [[10, 14]], [[9, 14]]], "gate_spec": [[" U4", " U4", " U4", " U4", " U4"], [" U4", " U4", " U4"], [" U4"], [" U4"], [" U4"], [" U4", " U4"], [" swap", " U4"], [" U4"], [" U4"]], "initial_mapping": [5, 10, 6, 7, 11, 15, 14, 13, 9, 8], "final_mapping": [5, 11, 6, 7, 10, 15, 14, 13, 9, 8], "coupling_graph": "00--01--02--03\n|   |   |   |\n04--05--06--07\n|   | \\ |   |\n08--09--10--11\n|   | \\ |   |\n12--13--14--15\n", "olsq_mode": "transition", "cost": 58, "crosstalk": 36, "fidelity": 0.39038839171640244, "fidelity_ct": 0.3253375469423582, "cost-scaled fidelity": 0.006730834339937973, "cost-scaled fidelity_ct": 0.005609268050730315, "size": "qcnn/10-5-3-2.qasm"}