{"M": 10, "D": 37, "g1": 92, "g2": 51, "extra_edge_num": 3, "extra_edge": [[1, 4], [1, 6], [5, 10]], "benchmark": "qcnn", "gates": [[[5, 10], [6, 7], [8, 9], [0, 4], [1, 2]], [[5, 6], [0, 1], [4, 8]], [[6, 10], [5, 9], [1, 4]], [[2, 6], [4, 5], [9, 10]], [[5, 9], [1, 6]], [[5, 10]]], "gate_spec": [[" U4", " U4", " U4", " U4", " U4"], [" U4", " U4", " U4"], [" U4", " U4", " U4"], [" U4", " swap", " U4"], [" U4", " U4"], [" U4"]], "initial_mapping": [10, 5, 9, 8, 4, 0, 1, 2, 6, 7], "final_mapping": [10, 4, 9, 8, 5, 0, 1, 2, 6, 7], "coupling_graph": "00--01--02--03\n| / | \\ |   |\n04--05--06--07\n|   | \\ |   |\n08--09--10--11\n|   |   |   |\n12--13--14--15\n", "olsq_mode": "transition", "cost": 59, "crosstalk": 48, "fidelity": 0.4581250215882075, "fidelity_ct": 0.3592805737958225, "cost-scaled fidelity": 0.007764830874376398, "cost-scaled fidelity_ct": 0.006089501250776653, "size": "qcnn/10-5-3-2.qasm"}