{"M": 10, "D": 43, "g1": 90, "g2": 48, "extra_edge_num": 5, "extra_edge": [[3, 6], [8, 13], [2, 5], [5, 8], [6, 9]], "benchmark": "qcnn", "gates": [[[8, 13], [9, 10], [4, 5], [3, 6], [1, 2]], [[8, 9], [2, 3]], [[5, 9], [4, 8]], [[6, 9], [1, 5]], [[2, 6], [5, 8], [9, 13]], [[2, 5]], [[5, 6]]], "gate_spec": [[" U4", " U4", " U4", " U4", " U4"], [" U4", " U4"], [" U4", " U4"], [" U4", " U4"], [" U4", " U4", " U4"], [" U4"], [" U4"]], "initial_mapping": [6, 3, 2, 1, 5, 4, 8, 13, 9, 10], "final_mapping": [6, 3, 2, 1, 5, 4, 8, 13, 9, 10], "coupling_graph": "00--01--02--03\n|   | / | / |\n04--05--06--07\n| / | / |   |\n08--09--10--11\n| \\ |   |   |\n12--13--14--15\n", "olsq_mode": "transition", "cost": 61, "crosstalk": 36, "fidelity": 0.44199303674877216, "fidelity_ct": 0.3683432535204848, "cost-scaled fidelity": 0.007245787487684789, "cost-scaled fidelity_ct": 0.006038413992139095, "size": "qcnn/10-5-3-2.qasm"}