{"Device_set": "hh", "M": 8, "D": 37, "g1": 73, "g2": 39, "extra_edge_num": 2, "extra_edge": [[9, 14], [12, 17]], "benchmark": "qcnn", "gates": [[[6, 9], [15, 14], [13, 17], [12, 11]], [[9, 15], [14, 13], [17, 12]], [[13, 12], [6, 9]], [[9, 15], [13, 14]], [[15, 14]], [[9, 14]]], "gate_spec": [["u4", "u4", "u4", "u4"], ["u4", "u4", "u4"], ["u4", "SWAP"], ["u4", "SWAP"], ["u4"], ["u4"]], "initial_mapping": [6, 9, 15, 14, 13, 17, 12, 11], "final_mapping": [9, 6, 15, 13, 14, 17, 12, 11], "olsq_mode": "transition", "crosstalk": 27, "fidelity": 0.5433510741144252, "fidelity_ct": 0.4739237783127771}