{"Device_set": "hh", "M": 8, "D": 37, "g1": 68, "g2": 36, "extra_edge_num": 3, "extra_edge": [[8, 12], [3, 12], [4, 13]], "benchmark": "qcnn", "gates": [[[11, 12], [8, 2], [3, 4], [13, 17]], [[12, 8], [2, 3], [4, 13]], [[11, 8], [3, 12]], [[12, 13]], [[8, 12]], [[11, 12]]], "gate_spec": [["u4", "u4", "u4", "u4"], ["u4", "u4", "u4"], ["u4", "SWAP"], ["u4"], ["u4"], ["u4"]], "initial_mapping": [11, 12, 8, 2, 3, 4, 13, 17], "final_mapping": [11, 3, 8, 2, 12, 4, 13, 17], "olsq_mode": "transition", "crosstalk": 27, "fidelity": 0.5566346864338668, "fidelity_ct": 0.485510062098693}