{"Device_set": "hh", "M": 8, "D": 31, "g1": 63, "g2": 33, "extra_edge_num": 3, "extra_edge": [[4, 13], [5, 14], [6, 14]], "benchmark": "qcnn", "gates": [[[4, 13], [5, 14], [6, 9], [15, 16]], [[13, 14], [9, 15], [5, 6]], [[14, 15]], [[5, 14]], [[4, 5], [6, 14]]], "gate_spec": [[" U4", " U4", " U4", " U4"], [" U4", " U4", " U4"], [" U4"], [" U4"], [" U4", " U4"]], "initial_mapping": [14, 5, 4, 13, 6, 9, 15, 16], "final_mapping": [6, 4, 5, 13, 14, 9, 15, 16], "olsq_mode": "transition", "crosstalk": 27, "fidelity": 0.5982822752689702, "fidelity_ct": 0.5218360833373895, "size": "qcnn/8-4-2.qasm"}