{"Device_set": "hh", "M": 8, "D": 49, "g1": 72, "g2": 33, "extra_edge_num": 4, "extra_edge": [[3, 13], [4, 13], [5, 13], [5, 14]], "benchmark": "qcnn", "gates": [[[12, 13], [14, 15], [3, 4]], [[5, 13]], [[12, 13], [5, 14]], [[13, 14]], [[13, 17]], [[3, 13]], [[4, 13]], [[3, 13]]], "gate_spec": [[" U4", " U4", " U4"], [" U4"], [" U4", " U4"], [" U4"], [" U4"], [" U4"], [" U4"], [" U4"]], "initial_mapping": [3, 4, 13, 12, 17, 5, 14, 15], "final_mapping": [3, 4, 17, 12, 13, 5, 14, 15], "olsq_mode": "transition", "crosstalk": 15, "fidelity": 0.5180429592825216, "fidelity_ct": 0.480154843473402, "size": "qcnn/8-4-2.qasm"}