{"Device_set": "square_4by4", "M": 12, "D": 67, "g1": 154, "g2": 66, "extra_edge_num": 0, "extra_edge": [], "benchmark": "qcnn", "gates": [[[1, 2], [3, 7], [5, 9], [13, 14], [11, 15], [6, 10]], [[10, 11], [14, 15], [2, 3], [1, 5]], [[7, 11], [9, 10]], [[6, 7], [10, 14]], [[2, 6]], [[5, 6]], [[6, 7]], [[2, 6]], [[6, 10]], [[5, 6]], [[6, 10]], [[2, 6]]], "gate_spec": [[" U4", " U4", " U4", " U4", " U4", " U4"], [" swap", " U4", " U4", " U4"], [" U4", " U4"], [" U4", " U4"], [" swap"], [" U4"], [" U4"], [" U4"], [" swap"], [" U4"], [" U4"], [" U4"]], "initial_mapping": [6, 10, 7, 3, 2, 1, 5, 9, 11, 15, 14, 13], "final_mapping": [2, 11, 7, 3, 10, 1, 5, 9, 6, 15, 14, 13], "olsq_mode": "transition", "crosstalk": 42, "fidelity": 0.26305313902130506, "fidelity_ct": 0.21266058117532585}