{"M": 10, "D": 55, "g1": 85, "g2": 45, "extra_edge_num": 1, "extra_edge": [[5, 10]], "benchmark": "qcnn", "gates": [[[2, 6], [7, 11], [10, 14], [5, 9], [0, 1]], [[6, 7], [1, 2]], [[6, 10]], [[10, 11], [5, 6]], [[9, 10]], [[5, 10]], [[5, 9]], [[5, 10]], [[9, 10]]], "gate_spec": [[" U4", " U4", " U4 U4", " U4", " U4"], [" U4", " U4"], [" U4"], [" U4", " U4"], [" U4"], [" U4"], [" U4"], [" U4"], [" U4"]], "initial_mapping": [9, 5, 10, 14, 11, 7, 6, 2, 1, 0], "final_mapping": [9, 1, 11, 14, 10, 7, 6, 2, 5, 0], "coupling_graph": "00--01--02--03\n|   |   |   |\n04--05--06--07\n|   | \\ |   |\n08--09--10--11\n|   |   |   |\n12--13--14--15\n", "olsq_mode": "transition", "cost": 57, "crosstalk": 27, "fidelity": 0.4015964132631456, "fidelity_ct": 0.3502819789962325, "cost-scaled fidelity": 0.007045551109879747, "cost-scaled fidelity_ct": 0.006145297877126886, "size": "qcnn/10-5-3-2.qasm"}