{"M": 10, "D": 47, "g1": 101, "g2": 54, "extra_edge_num": 1, "extra_edge": [[9, 14]], "benchmark": "qcnn", "gates": [[[9, 14], [12, 13], [4, 8], [5, 6], [10, 11]], [[8, 12], [9, 13], [4, 5], [6, 10]], [[8, 9], [13, 14]], [[5, 9]], [[5, 6], [9, 13]], [[9, 14], [6, 10]], [[9, 10]], [[10, 14]]], "gate_spec": [[" U4", " U4", " U4", " U4", " U4"], [" U4", " U4", " U4", " U4"], [" swap", " U4"], [" U4"], [" swap", " U4"], [" U4", " U4"], [" U4"], [" U4"]], "initial_mapping": [14, 9, 13, 12, 8, 4, 5, 6, 10, 11], "final_mapping": [14, 8, 13, 12, 9, 4, 6, 5, 10, 11], "coupling_graph": "00--01--02--03\n|   |   |   |\n04--05--06--07\n|   |   |   |\n08--09--10--11\n|   | \\ |   |\n12--13--14--15\n", "olsq_mode": "normal", "cost": 57, "crosstalk": 45, "fidelity": 0.40463547869098343, "fidelity_ct": 0.3221889005344635, "cost-scaled fidelity": 0.007098868047210235, "cost-scaled fidelity_ct": 0.005652436851481815, "size": "qcnn/10-5-3-2.qasm"}