{"M": 10, "D": 43, "g1": 90, "g2": 48, "extra_edge_num": 5, "extra_edge": [[3, 6], [10, 13], [2, 5], [6, 11], [6, 9]], "benchmark": "qcnn", "gates": [[[2, 3], [6, 11], [10, 13], [8, 9], [1, 5]], [[3, 6], [10, 11], [9, 13], [1, 2]], [[6, 10], [2, 5]], [[2, 6], [9, 10]], [[5, 6]], [[6, 9]], [[5, 9]]], "gate_spec": [[" U4", " U4", " U4", " U4", " U4"], [" U4", " U4", " U4", " U4"], [" U4", " U4"], [" U4", " U4"], [" U4"], [" U4"], [" U4"]], "initial_mapping": [5, 1, 2, 3, 6, 11, 10, 13, 9, 8], "final_mapping": [5, 1, 2, 3, 6, 11, 10, 13, 9, 8], "coupling_graph": "00--01--02--03\n|   | / | / |\n04--05--06--07\n|   | / | \\ |\n08--09--10--11\n|   | / |   |\n12--13--14--15\n", "olsq_mode": "normal", "cost": 61, "crosstalk": 39, "fidelity": 0.44199303674877216, "fidelity_ct": 0.36279043434004227, "cost-scaled fidelity": 0.007245787487684789, "cost-scaled fidelity_ct": 0.00594738416950889, "size": "qcnn/10-5-3-2.qasm"}