{"M": 8, "D": 31, "g1": 63, "g2": 33, "extra_edge_num": 1, "extra_edge": [[6, 9]], "benchmark": "qcnn", "gates": [[[6, 10], [11, 15], [5, 9], [13, 14]], [[5, 6], [10, 11], [14, 15]], [[6, 9], [10, 14]], [[6, 10]], [[9, 10]]], "gate_spec": [[" U4", " U4", " U4", " U4"], [" U4", " swap U4", " U4"], [" U4", " U4"], [" U4"], [" U4"]], "initial_mapping": [9, 5, 6, 10, 11, 15, 14, 13], "final_mapping": [9, 5, 6, 11, 10, 15, 14, 13], "coupling_graph": "00--01--02--03\n|   |   |   |\n04--05--06--07\n|   | / |   |\n08--09--10--11\n|   |   |   |\n12--13--14--15\n", "olsq_mode": "normal", "cost": 57, "crosstalk": 27, "fidelity": 0.5982822752689702, "fidelity_ct": 0.5218360833373895, "cost-scaled fidelity": 0.01049618026787667, "cost-scaled fidelity_ct": 0.009155019005919115, "size": "qcnn/8-4-2.qasm"}