{"Device_set": "square_4by4", "M": 8, "D": 31, "g1": 63, "g2": 33, "extra_edge_num": 3, "extra_edge": [[8, 13], [10, 13], [6, 11]], "benchmark": "qcnn", "gates": [[[8, 9], [13, 14], [6, 10], [7, 11]], [[8, 13], [10, 14], [6, 11]], [[10, 11], [9, 13]], [[10, 13]], [[9, 10]]], "gate_spec": [[" U4", " U4", " U4", " U4"], [" U4", " U4", " U4"], [" U4", " U4"], [" U4"], [" U4"]], "initial_mapping": [9, 8, 13, 14, 10, 6, 11, 7], "final_mapping": [9, 8, 13, 14, 10, 6, 11, 7], "olsq_mode": "transition", "crosstalk": 27, "fidelity": 0.5982822752689702, "fidelity_ct": 0.5218360833373895, "size": "qcnn/8-4-2.qasm"}