{"Device_set": "hh", "M": 12, "D": 51, "g1": 145, "g2": 66, "extra_edge_num": 2, "extra_edge": [[5, 13], [5, 14]], "benchmark": "qcnn", "gates": [[[13, 14], [9, 15], [5, 6], [3, 4], [1, 2], [11, 12]], [[12, 13], [4, 5], [6, 9], [14, 15], [2, 3]], [[11, 12], [5, 6], [3, 4]], [[5, 14], [12, 13]], [[13, 14], [4, 5]], [[12, 13]], [[13, 14]], [[5, 13]], [[5, 14]]], "gate_spec": [[" U4", " U4", " U4", " U4", " U4", " U4"], [" swap", " U4", " U4", " U4 swap", " U4 swap"], [" U4", " swap", " U4"], [" U4", " U4"], [" swap", " swap U4"], [" U4"], [" U4"], [" U4"], [" U4"]], "initial_mapping": [12, 11, 13, 14, 15, 9, 6, 5, 4, 3, 2, 1], "final_mapping": [14, 11, 12, 15, 13, 9, 4, 6, 5, 2, 3, 1], "olsq_mode": "transition", "crosstalk": 54, "fidelity": 0.3187351682091333, "fidelity_ct": 0.24248558337926496, "size": "qcnn/12-6-3-2.qasm"}