{"Device_set": "hh", "M": 12, "D": 59, "g1": 113, "g2": 57, "extra_edge_num": 4, "extra_edge": [[4, 12], [4, 14], [5, 14], [5, 15]], "benchmark": "qcnn", "gates": [[[6, 9], [5, 15], [0, 4], [11, 12], [13, 14], [2, 3]], [[9, 15], [4, 12]], [[5, 15], [3, 4], [12, 13]], [[14, 15]], [[5, 14]], [[4, 14]], [[4, 5]], [[3, 4]], [[2, 3], [4, 5]], [[3, 4]]], "gate_spec": [[" U4", " U4", " U4 U4", " U4", " U4", " U4"], [" U4", " U4"], [" U4", " U4", " U4"], [" U4"], [" U4"], [" U4"], [" U4"], [" swap"], [" U4", " U4"], [" U4"]], "initial_mapping": [6, 9, 15, 5, 3, 2, 4, 0, 14, 13, 12, 11], "final_mapping": [5, 9, 15, 6, 14, 2, 3, 0, 4, 13, 12, 11], "olsq_mode": "transition", "crosstalk": 33, "fidelity": 0.31132257635377414, "fidelity_ct": 0.2634176072354744, "size": "qcnn/12-6-3-2.qasm"}