{"Device_set": "hh", "M": 12, "D": 53, "g1": 126, "g2": 63, "extra_edge_num": 3, "extra_edge": [[3, 13], [5, 14], [5, 15]], "benchmark": "qcnn", "gates": [[[5, 14], [15, 16], [13, 17], [11, 12], [3, 4], [6, 9]], [[14, 15]], [[13, 14], [5, 15]], [[12, 13], [4, 5], [14, 15]], [[11, 12], [3, 13], [9, 15], [5, 6]], [[15, 16], [12, 13]], [[5, 15]], [[9, 15]], [[14, 15]]], "gate_spec": [[" U4 U4", " U4", " U4", " U4", " U4", " U4"], [" U4"], [" U4", " U4"], [" swap", " swap", " U4"], [" U4", " U4", " swap", " U4"], [" U4", " U4"], [" U4"], [" U4"], [" U4"]], "initial_mapping": [14, 5, 15, 16, 9, 6, 4, 3, 12, 11, 13, 17], "final_mapping": [13, 4, 9, 16, 15, 6, 5, 3, 14, 11, 12, 17], "olsq_mode": "transition", "crosstalk": 45, "fidelity": 0.3187863337398803, "fidelity_ct": 0.2538319642788982, "size": "qcnn/12-6-3-2.qasm"}