{"Device_set": "hh", "M": 12, "D": 55, "g1": 109, "g2": 57, "extra_edge_num": 5, "extra_edge": [[3, 13], [4, 13], [5, 13], [5, 14], [5, 15]], "benchmark": "qcnn", "gates": [[[4, 5], [6, 9], [14, 15], [13, 17], [11, 12]], [[3, 4], [9, 15]], [[0, 4], [3, 13], [14, 15]], [[4, 5], [12, 13]], [[5, 15], [4, 13]], [[5, 14]], [[5, 13]], [[13, 14], [5, 6]], [[12, 13]]], "gate_spec": [[" U4", " U4", " U4", " U4", " U4"], [" U4", " U4"], [" U4", " U4", " U4"], [" U4", " U4"], [" U4", " U4"], [" U4"], [" U4"], [" U4", " U4"], [" U4"]], "initial_mapping": [14, 15, 9, 6, 5, 4, 0, 3, 17, 13, 12, 11], "final_mapping": [14, 9, 15, 6, 5, 0, 4, 3, 13, 17, 12, 11], "olsq_mode": "transition", "crosstalk": 42, "fidelity": 0.3266311651479031, "fidelity_ct": 0.2640590934164869, "size": "qcnn/12-6-3-2.qasm"}