{"Device_set": "hh", "M": 12, "D": 61, "g1": 146, "g2": 75, "extra_edge_num": 2, "extra_edge": [[3, 12], [3, 13]], "benchmark": "qcnn", "gates": [[[1, 2], [8, 11], [12, 3], [13, 17], [15, 16]], [[2, 8], [11, 12], [3, 13], [14, 15]], [[15, 9], [12, 13], [1, 2]], [[16, 15], [2, 8], [13, 17]], [[13, 14], [2, 3], [8, 11]], [[14, 15], [11, 12]], [[3, 12], [13, 14]], [[17, 13]], [[12, 13]], [[3, 13]]], "gate_spec": [["u4", "u4", "u4", "u4", "u4"], ["u4", "u4", "u4", "SWAP"], ["u4", "u4", "SWAP"], ["u4", "u4", "SWAP"], ["u4", "SWAP", "SWAP"], ["u4", "u4"], ["u4", "SWAP"], ["u4"], ["u4"], ["u4"]], "initial_mapping": [1, 2, 8, 11, 12, 3, 13, 17, 15, 16, 14, 9], "final_mapping": [3, 1, 11, 8, 12, 2, 17, 14, 13, 16, 15, 9], "olsq_mode": "transition", "crosstalk": 45, "fidelity": 0.262935049411726, "fidelity_ct": 0.2093606689062349}