{"Device_set": "hh", "M": 12, "D": 67, "g1": 114, "g2": 57, "extra_edge_num": 6, "extra_edge": [[3, 8], [8, 12], [3, 12], [3, 13], [4, 13], [5, 13]], "benchmark": "qcnn", "gates": [[[3, 4], [13, 17], [5, 6], [11, 12], [2, 8]], [[4, 13], [8, 11]], [[4, 5], [13, 17]], [[5, 13]], [[13, 14]], [[3, 13]], [[12, 13], [2, 3]], [[4, 13], [8, 12]], [[3, 13]], [[3, 8]], [[3, 12]]], "gate_spec": [[" U4", " U4", " U4", " U4", " U4"], [" U4", " U4"], [" U4", " U4"], [" U4"], [" U4"], [" U4"], [" U4", " U4"], [" U4", " U4"], [" U4"], [" U4"], [" U4"]], "initial_mapping": [12, 11, 8, 2, 3, 4, 13, 17, 14, 0, 5, 6], "final_mapping": [12, 11, 8, 2, 3, 0, 14, 17, 13, 4, 5, 6], "olsq_mode": "transition", "crosstalk": 33, "fidelity": 0.2828252165002166, "fidelity_ct": 0.2393052976398411, "size": "qcnn/12-6-3-2.qasm"}