{"Device_set": "hh", "M": 12, "D": 49, "g1": 97, "g2": 51, "extra_edge_num": 7, "extra_edge": [[3, 8], [8, 12], [3, 12], [4, 12], [4, 13], [5, 13], [6, 14]], "benchmark": "qcnn", "gates": [[[13, 17], [14, 15], [5, 6], [4, 12], [2, 3], [8, 11]], [[13, 14], [2, 8]], [[5, 13], [3, 8], [6, 14]], [[12, 13]], [[11, 12], [4, 13]], [[12, 13]], [[8, 12]], [[3, 12]]], "gate_spec": [[" U4 U4", " U4", " U4", " U4", " U4", " U4"], [" U4", " U4"], [" U4", " U4", " U4"], [" U4"], [" U4", " U4 U4"], [" U4"], [" U4"], [" U4"]], "initial_mapping": [3, 2, 8, 11, 12, 4, 13, 17, 5, 6, 14, 15], "final_mapping": [4, 2, 8, 11, 12, 3, 5, 17, 13, 6, 14, 15], "olsq_mode": "transition", "crosstalk": 33, "fidelity": 0.3683890637348648, "fidelity_ct": 0.3117029508020077, "size": "qcnn/12-6-3-2.qasm"}