{"Device_set": "hh", "M": 12, "D": 59, "g1": 116, "g2": 63, "extra_edge_num": 6, "extra_edge": [[3, 8], [8, 12], [3, 12], [3, 13], [4, 13], [5, 13]], "benchmark": "qcnn", "gates": [[[2, 8], [11, 12], [3, 4], [13, 17], [5, 6]], [[8, 11], [2, 3], [4, 13]], [[3, 13], [8, 12], [0, 4]], [[13, 14], [3, 8]], [[4, 13], [3, 12]], [[4, 5], [13, 17]], [[5, 13]], [[13, 14]], [[3, 13]], [[12, 13]]], "gate_spec": [[" U4", " U4", " U4", " U4", " U4"], [" U4", " U4", " U4"], [" U4", " U4", " swap"], [" swap", " U4"], [" U4", " U4"], [" U4", " U4"], [" U4"], [" U4"], [" U4"], [" U4"]], "initial_mapping": [12, 11, 8, 2, 3, 4, 13, 17, 14, 0, 5, 6], "final_mapping": [12, 11, 8, 2, 3, 0, 14, 17, 13, 4, 5, 6], "olsq_mode": "transition", "crosstalk": 51, "fidelity": 0.29664201690326125, "fidelity_ct": 0.22913186825589757, "size": "qcnn/12-6-3-2.qasm"}