{"Device_set": "hh", "M": 12, "D": 73, "g1": 163, "g2": 81, "extra_edge_num": 0, "extra_edge": [], "benchmark": "qcnn", "gates": [[[8, 2], [10, 11], [12, 13], [15, 9], [6, 7]], [[11, 12], [9, 6], [13, 17]], [[13, 14], [6, 9], [10, 11]], [[17, 13], [14, 15], [8, 11]], [[2, 8], [12, 13], [15, 9]], [[11, 8], [14, 15]], [[11, 12], [13, 14]], [[8, 11], [14, 13]], [[12, 11]], [[12, 13]], [[11, 12]], [[13, 12]]], "gate_spec": [["u4", "u4", "u4", "u4", "u4"], ["u4", "u4", "SWAP"], ["u4", "SWAP", "SWAP"], ["u4", "u4", "SWAP"], ["u4", "u4", "u4"], ["u4", "SWAP"], ["SWAP", "SWAP"], ["u4", "u4"], ["u4"], ["SWAP"], ["u4"], ["u4"]], "initial_mapping": [8, 2, 10, 11, 12, 13, 17, 14, 15, 9, 6, 7], "final_mapping": [13, 2, 8, 10, 11, 17, 14, 15, 12, 6, 9, 7], "olsq_mode": "transition", "crosstalk": 45, "fidelity": 0.21693472904298916, "fidelity_ct": 0.17273315247642884}