{"Device_set": "hh", "M": 12, "D": 55, "g1": 107, "g2": 57, "extra_edge_num": 6, "extra_edge": [[3, 8], [3, 12], [4, 13], [4, 14], [5, 14], [5, 15]], "benchmark": "qcnn", "gates": [[[6, 9], [5, 15], [4, 14], [12, 13], [2, 3], [8, 11]], [[9, 15], [4, 13], [3, 12], [2, 8]], [[5, 15], [3, 8]], [[14, 15]], [[5, 14]], [[4, 14]], [[4, 5]], [[4, 13], [5, 14]], [[13, 14]]], "gate_spec": [[" U4", " U4", " U4", " U4", " U4", " U4"], [" U4", " U4", " U4", " U4"], [" U4", " U4"], [" U4"], [" U4"], [" U4"], [" U4"], [" U4", " U4"], [" U4"]], "initial_mapping": [6, 9, 15, 5, 14, 4, 13, 12, 3, 2, 8, 11], "final_mapping": [5, 9, 15, 6, 14, 3, 13, 12, 4, 2, 8, 11], "olsq_mode": "transition", "crosstalk": 33, "fidelity": 0.32663149199714925, "fidelity_ct": 0.2763708532717178, "size": "qcnn/12-6-3-2.qasm"}