{"Device_set": "hh", "M": 12, "D": 47, "g1": 127, "g2": 63, "extra_edge_num": 2, "extra_edge": [[5, 13], [5, 14]], "benchmark": "qcnn", "gates": [[[11, 12], [13, 14], [3, 4], [5, 6], [9, 15], [1, 2]], [[12, 13], [4, 5], [6, 9], [2, 3]], [[13, 14]], [[5, 13]], [[5, 14], [12, 13]], [[4, 5], [11, 12], [14, 15]], [[5, 6], [3, 4], [12, 13]], [[5, 14]]], "gate_spec": [[" U4", " U4", " U4", " U4", " U4", " U4"], [" U4", " U4", " U4", " U4 swap"], [" U4"], [" U4"], [" U4", " swap"], [" U4", " U4", " U4 swap"], [" swap", " U4", " U4"], [" U4"]], "initial_mapping": [12, 11, 13, 14, 15, 9, 6, 5, 4, 3, 2, 1], "final_mapping": [14, 11, 12, 15, 13, 9, 4, 6, 5, 2, 3, 1], "olsq_mode": "transition", "crosstalk": 54, "fidelity": 0.34258526576111625, "fidelity_ct": 0.260630129056604, "size": "qcnn/12-6-3-2.qasm"}