{"Device_set": "hh", "M": 12, "D": 55, "g1": 133, "g2": 69, "extra_edge_num": 0, "extra_edge": [], "benchmark": "qcnn", "gates": [[[10, 11], [12, 13], [5, 6], [9, 15], [2, 8]], [[13, 17], [11, 12], [6, 9]], [[10, 11], [13, 14]], [[13, 17], [14, 15], [8, 11]], [[2, 8], [9, 15], [12, 13]], [[8, 11], [14, 15]], [[11, 12], [13, 14]], [[8, 11]], [[11, 12]], [[12, 13]]], "gate_spec": [[" U4", " U4", " U4", " U4", " U4"], [" swap", " U4 U4", " U4 swap"], [" swap", " U4"], [" U4", " U4", " U4"], [" swap", " U4", " U4"], [" U4", " swap"], [" U4", " U4 swap"], [" swap"], [" U4"], [" U4"]], "initial_mapping": [2, 8, 10, 11, 12, 13, 17, 14, 15, 9, 6, 5], "final_mapping": [11, 2, 8, 10, 13, 17, 14, 15, 12, 6, 9, 5], "olsq_mode": "transition", "crosstalk": 39, "fidelity": 0.2965499176893536, "fidelity_ct": 0.2434098831814305, "size": "qcnn/12-6-3-2.qasm"}