{"Device_set": "hh", "M": 12, "D": 53, "g1": 113, "g2": 63, "extra_edge_num": 7, "extra_edge": [[3, 8], [8, 12], [3, 12], [4, 12], [4, 13], [5, 13], [6, 14]], "benchmark": "qcnn", "gates": [[[2, 3], [8, 11], [4, 12], [13, 17], [5, 6], [14, 15]], [[2, 8], [11, 12], [4, 13], [6, 14]], [[3, 8], [12, 13]], [[5, 13], [8, 12]], [[13, 17], [3, 12]], [[13, 14], [3, 4]], [[5, 13]], [[12, 13]], [[4, 13]]], "gate_spec": [[" U4", " U4", " U4", " U4", " U4", " U4"], [" U4", " U4", " U4", " U4"], [" U4", " U4"], [" swap", " U4"], [" U4", " U4"], [" U4", " swap"], [" U4"], [" U4"], [" U4"]], "initial_mapping": [3, 2, 8, 11, 12, 4, 13, 17, 5, 6, 14, 15], "final_mapping": [4, 2, 8, 11, 12, 3, 5, 17, 13, 6, 14, 15], "olsq_mode": "transition", "crosstalk": 54, "fidelity": 0.31878840724023727, "fidelity_ct": 0.24252608627572392, "size": "qcnn/12-6-3-2.qasm"}