{"Device_set": "hh", "M": 12, "D": 64, "g1": 179, "g2": 75, "extra_edge_num": 0, "extra_edge": [], "benchmark": "qcnn", "gates": [[[10, 11], [12, 13], [6, 7], [9, 15], [2, 8]], [[13, 17], [11, 12], [6, 9]], [[13, 14], [10, 11]], [[8, 11], [13, 17], [14, 15]], [[2, 8], [9, 15], [12, 13]], [[8, 11], [14, 15]], [[11, 12], [13, 14]], [[8, 11]], [[11, 12]], [[12, 13]], [[11, 12]], [[12, 13]]], "gate_spec": [[" U4", " U4", " U4", " U4", " U4"], [" swap", " U4", " U4 swap"], [" U4", " swap"], [" swap", " U4", " U4"], [" U4", " U4", " U4"], [" U4", " swap"], [" swap", " swap U4"], [" U4"], [" U4"], [" swap"], [" U4"], [" U4"]], "initial_mapping": [8, 2, 10, 11, 12, 13, 17, 14, 15, 9, 6, 7], "final_mapping": [13, 2, 8, 10, 11, 17, 14, 15, 12, 6, 9, 7], "olsq_mode": "transition", "crosstalk": 39, "fidelity": 0.25363355545122646, "fidelity_ct": 0.2081838854797643}