{"Device_set": "hh", "M": 12, "D": 57, "g1": 117, "g2": 75, "extra_edge_num": 2, "extra_edge": [[3, 12], [3, 13]], "benchmark": "qcnn", "gates": [[[1, 2], [8, 11], [3, 12], [13, 17], [15, 16]], [[14, 15], [11, 12], [3, 13], [2, 8]], [[9, 15], [1, 2], [12, 13]], [[13, 17], [2, 8], [15, 16]], [[13, 14], [8, 11], [2, 3]], [[11, 12], [14, 15]], [[13, 14], [3, 12]], [[13, 17]], [[12, 13]], [[3, 13]]], "gate_spec": [[" U4", " U4", " U4", " U4", " U4"], [" swap", " U4", " U4", " U4"], [" U4", " swap", " U4"], [" swap", " U4", " U4"], [" U4", " swap", " swap"], [" U4", " U4"], [" swap", " U4"], [" U4"], [" U4"], [" U4"]], "initial_mapping": [1, 2, 8, 11, 12, 3, 13, 17, 15, 16, 14, 9], "final_mapping": [3, 1, 11, 8, 12, 2, 17, 14, 13, 16, 15, 9], "olsq_mode": "transition", "crosstalk": 45, "fidelity": 0.2758677408209985, "fidelity_ct": 0.21965825734209007}