{"M": 8, "D": 39, "g1": 83, "g2": 42, "extra_edge_num": 0, "extra_edge": [], "benchmark": "qcnn", "gates": [[[0, 1], [2, 3], [6, 7], [4, 5]], [[1, 2], [3, 7], [5, 6]], [[0, 1], [2, 3], [4, 5]], [[1, 2]], [[2, 6]], [[5, 6]], [[4, 5]]], "gate_spec": [[" U4", " U4", " U4", " U4"], [" swap", " swap", " U4 swap"], [" U4", " U4", " U4"], [" U4"], [" swap"], [" U4 swap"], [" U4"]], "initial_mapping": [4, 5, 6, 7, 1, 0, 2, 3], "final_mapping": [4, 2, 6, 3, 5, 0, 1, 7], "coupling_graph": "00--01--02--03\n|   |   |   |\n04--05--06--07\n|   |   |   |\n08--09--10--11\n|   |   |   |\n12--13--14--15\n", "olsq_mode": "mix", "cost": 56, "crosstalk": 30, "fidelity": 0.5219645352537263, "fidelity_ct": 0.4484066792158162, "cost-scaled fidelity": 0.00932079527238797, "cost-scaled fidelity_ct": 0.008007262128853861, "size": "qcnn/8-4-2.qasm"}