{"Device_set": "square_4by4", "M": 12, "D": 47, "g1": 116, "g2": 60, "extra_edge_num": 5, "extra_edge": [[3, 6], [9, 14], [4, 9], [7, 10], [5, 10]], "benchmark": "qcnn", "gates": [[[3, 6], [7, 11], [10, 14], [4, 9], [0, 1]], [[1, 5], [3, 7], [9, 14], [10, 11]], [[1, 2], [6, 7], [9, 10], [4, 5]], [[0, 1], [7, 10]], [[1, 5], [6, 10]], [[5, 9]], [[5, 10]], [[5, 6]]], "gate_spec": [[" U4", " U4", " U4", " U4", " U4"], [" swap", " U4", " U4", " U4"], [" U4", " U4", " U4", " U4"], [" U4", " U4"], [" U4", " U4"], [" U4"], [" U4"], [" U4"]], "initial_mapping": [6, 3, 7, 11, 10, 14, 9, 4, 1, 0, 5, 2], "final_mapping": [6, 3, 7, 15, 10, 14, 9, 4, 5, 0, 1, 2], "olsq_mode": "transition", "crosstalk": 45, "fidelity": 0.35096169591946774, "fidelity_ct": 0.2794514294787263, "size": "qcnn/12-6-3-2.qasm"}