{"Device_set": "square_4by4", "M": 12, "D": 43, "g1": 107, "g2": 57, "extra_edge_num": 6, "extra_edge": [[1, 4], [2, 5], [9, 14], [4, 9], [7, 10], [5, 10]], "benchmark": "qcnn", "gates": [[[2, 6], [7, 10], [1, 5], [4, 8], [9, 14], [12, 13]], [[6, 7], [1, 4], [2, 5], [8, 9], [13, 14]], [[4, 5], [6, 10], [9, 13]], [[5, 6], [4, 9]], [[5, 10]], [[5, 9]], [[9, 10]]], "gate_spec": [[" U4", " U4", " U4", " U4", " U4", " U4"], [" U4", " U4", " U4", " U4", " U4"], [" U4", " U4", " U4"], [" U4", " U4"], [" U4"], [" U4"], [" U4"]], "initial_mapping": [10, 7, 6, 2, 5, 1, 4, 8, 9, 14, 13, 12], "final_mapping": [10, 7, 6, 2, 5, 1, 4, 8, 9, 14, 13, 12], "olsq_mode": "transition", "crosstalk": 48, "fidelity": 0.3772215194512902, "fidelity_ct": 0.29583270410934515, "size": "qcnn/12-6-3-2.qasm"}