{"Device_set": "square_4by4", "M": 12, "D": 59, "g1": 127, "g2": 63, "extra_edge_num": 1, "extra_edge": [[5, 10]], "benchmark": "qcnn", "gates": [[[5, 6], [10, 11], [8, 9], [13, 14], [0, 4], [1, 2]], [[5, 10], [4, 8], [0, 1], [9, 13]], [[4, 5], [6, 10]], [[10, 14], [1, 5]], [[10, 11]], [[9, 10]], [[10, 14], [5, 9]], [[6, 10]], [[5, 10]], [[5, 6]]], "gate_spec": [[" U4", " U4", " U4", " U4", " U4", " U4"], [" U4", " U4", " U4", " U4"], [" swap", " U4"], [" swap", " U4"], [" U4"], [" U4"], [" U4", " U4"], [" U4"], [" U4"], [" U4"]], "initial_mapping": [6, 5, 10, 11, 14, 13, 9, 8, 4, 0, 1, 2], "final_mapping": [6, 4, 14, 11, 10, 13, 9, 8, 5, 0, 1, 2], "olsq_mode": "transition", "crosstalk": 48, "fidelity": 0.29664038428815726, "fidelity_ct": 0.23263764792541905, "size": "qcnn/12-6-3-2.qasm"}