{"Device_set": "square_4by4", "M": 12, "D": 67, "g1": 154, "g2": 69, "extra_edge_num": 0, "extra_edge": [], "benchmark": "qcnn", "gates": [[[0, 4], [7, 11], [14, 15], [9, 10], [12, 13], [5, 6]], [[10, 14], [4, 8], [11, 15]], [[13, 14], [6, 10], [8, 12], [4, 5]], [[9, 13], [10, 11]], [[8, 9]], [[5, 9]], [[9, 13]], [[8, 9]], [[9, 10]], [[5, 9]], [[9, 10]], [[8, 9]]], "gate_spec": [[" swap", " U4", " U4", " U4", " U4", " U4"], [" swap", " U4", " U4"], [" U4", " U4", " U4", " U4"], [" U4", " U4"], [" swap"], [" U4"], [" U4"], [" U4"], [" swap"], [" U4"], [" U4"], [" U4"]], "initial_mapping": [9, 10, 13, 12, 8, 0, 5, 6, 14, 15, 11, 7], "final_mapping": [8, 14, 13, 12, 10, 4, 5, 6, 9, 15, 11, 7], "olsq_mode": "transition", "crosstalk": 42, "fidelity": 0.25677624245167463, "fidelity_ct": 0.20758613698719966, "size": "qcnn/12-6-3-2.qasm"}