{"Device_set": "square_4by4", "M": 14, "D": 43, "g1": 129, "g2": 69, "extra_edge_num": 7, "extra_edge": [[0, 5], [3, 6], [10, 15], [1, 6], [9, 14], [7, 10], [5, 10]], "benchmark": "qcnn", "gates": [[[0, 5], [1, 2], [3, 6], [7, 11], [10, 15], [13, 14], [8, 9]], [[0, 1], [2, 6], [3, 7], [10, 11], [14, 15], [9, 13]], [[1, 5], [6, 7], [10, 14]], [[1, 6], [9, 14], [7, 10]], [[5, 6], [9, 10]], [[6, 10]], [[5, 10]]], "gate_spec": [[" U4", " U4", " U4", " U4", " U4", " U4", " U4"], [" U4", " U4", " U4", " U4", " U4", " U4"], [" U4", " U4", " U4"], [" U4", " U4", " U4"], [" U4", " U4"], [" U4"], [" U4"]], "initial_mapping": [5, 0, 1, 2, 6, 3, 7, 11, 10, 15, 14, 13, 9, 8], "final_mapping": [5, 0, 1, 2, 6, 3, 7, 11, 10, 15, 14, 13, 9, 8], "olsq_mode": "transition", "crosstalk": 63, "fidelity": 0.31425902368880404, "fidelity_ct": 0.22842993629728675, "size": "qcnn/14-7-4-2.qasm"}