{"Device_set": "square_4by4", "M": 14, "D": 63, "g1": 157, "g2": 81, "extra_edge_num": 0, "extra_edge": [], "benchmark": "qcnn", "gates": [[[9, 10], [12, 13], [4, 8], [1, 5], [2, 3], [6, 7], [11, 15]], [[7, 11], [1, 2], [9, 13], [8, 12], [4, 5]], [[2, 6], [3, 7], [11, 15], [9, 10]], [[6, 7], [8, 9]], [[5, 9], [7, 11]], [[8, 9], [5, 6]], [[9, 10]], [[6, 10]], [[10, 11]], [[9, 10]], [[6, 10]]], "gate_spec": [[" U4", " U4", " U4", " U4", " U4", " U4", " U4"], [" swap", " U4", " U4 swap", " U4", " U4"], [" swap", " U4", " U4", " U4"], [" U4", " swap"], [" U4", " U4"], [" U4", " U4"], [" U4"], [" swap"], [" U4"], [" U4"], [" U4"]], "initial_mapping": [10, 9, 13, 12, 8, 4, 5, 1, 2, 3, 11, 15, 7, 6], "final_mapping": [6, 13, 8, 12, 9, 4, 5, 1, 10, 3, 7, 15, 11, 2], "olsq_mode": "transition", "crosstalk": 60, "fidelity": 0.21563766503952672, "fidelity_ct": 0.15914271926969112, "size": "qcnn/14-7-4-2.qasm"}