{"M": 12, "D": 51, "g1": 122, "g2": 66, "extra_edge_num": 1, "extra_edge": [[5, 10]], "benchmark": "qcnn", "gates": [[[6, 7], [5, 10], [11, 15], [13, 14], [8, 9], [0, 4]], [[6, 10], [7, 11], [14, 15], [9, 13], [4, 8]], [[10, 11], [5, 6]], [[5, 9], [10, 14]], [[4, 5], [6, 10]], [[5, 10]], [[5, 9], [10, 14]], [[5, 10]], [[9, 10]]], "gate_spec": [[" U4", " U4", " U4", " U4", " U4", " U4"], [" U4", " U4", " U4", " U4", " U4"], [" swap", " U4"], [" swap", " U4"], [" U4", " U4"], [" swap"], [" U4", " U4"], [" U4"], [" U4"]], "initial_mapping": [5, 10, 6, 7, 11, 15, 14, 13, 9, 8, 4, 0], "final_mapping": [9, 11, 6, 7, 5, 15, 14, 13, 10, 8, 4, 0], "coupling_graph": "00--01--02--03\n|   |   |   |\n04--05--06--07\n|   | \\ |   |\n08--09--10--11\n|   |   |   |\n12--13--14--15\n", "olsq_mode": "normal", "cost": 57, "crosstalk": 57, "fidelity": 0.31873883613014276, "fidelity_ct": 0.23883283222106008, "cost-scaled fidelity": 0.005591909405791978, "cost-scaled fidelity_ct": 0.004190049688088773, "size": "qcnn/12-6-3-2.qasm"}