{"M": 12, "D": 43, "g1": 107, "g2": 57, "extra_edge_num": 6, "extra_edge": [[8, 13], [11, 14], [9, 14], [4, 9], [7, 10], [5, 10]], "benchmark": "qcnn", "gates": [[[7, 11], [14, 15], [6, 10], [4, 5], [9, 13], [8, 12]], [[11, 15], [5, 6], [7, 10], [8, 13], [4, 9]], [[5, 10], [11, 14], [8, 9]], [[10, 11], [5, 9]], [[10, 14]], [[9, 10]], [[9, 14]]], "gate_spec": [[" U4", " U4", " U4", " U4", " U4", " U4"], [" U4", " U4", " U4", " U4", " U4"], [" U4", " U4", " U4"], [" U4", " U4"], [" U4"], [" U4"], [" U4"]], "initial_mapping": [14, 15, 11, 7, 10, 6, 5, 4, 9, 13, 8, 12], "final_mapping": [14, 15, 11, 7, 10, 6, 5, 4, 9, 13, 8, 12], "coupling_graph": "00--01--02--03\n|   |   |   |\n04--05--06--07\n| \\ | \\ | / |\n08--09--10--11\n| \\ | \\ | / |\n12--13--14--15\n", "olsq_mode": "normal", "cost": 62, "crosstalk": 48, "fidelity": 0.3772215194512902, "fidelity_ct": 0.29583270410934515, "cost-scaled fidelity": 0.006084218055665971, "cost-scaled fidelity_ct": 0.004771495227570083, "size": "qcnn/12-6-3-2.qasm"}