{"M": 12, "D": 43, "g1": 107, "g2": 57, "extra_edge_num": 6, "extra_edge": [[0, 5], [10, 15], [2, 5], [4, 9], [6, 11], [5, 10]], "benchmark": "qcnn", "gates": [[[0, 4], [8, 9], [2, 5], [6, 11], [10, 15], [13, 14]], [[4, 8], [0, 5], [2, 6], [10, 11], [14, 15]], [[4, 9], [5, 6], [10, 14]], [[4, 5], [6, 10]], [[5, 9]], [[5, 10]], [[9, 10]]], "gate_spec": [[" U4", " U4", " U4", " U4", " U4", " U4"], [" U4", " U4", " U4", " U4", " U4"], [" U4", " U4", " U4"], [" U4", " U4"], [" U4"], [" U4"], [" U4"]], "initial_mapping": [9, 8, 4, 0, 5, 2, 6, 11, 10, 15, 14, 13], "final_mapping": [9, 8, 4, 0, 5, 2, 6, 11, 10, 15, 14, 13], "coupling_graph": "00--01--02--03\n| \\ | / |   |\n04--05--06--07\n| \\ | \\ | \\ |\n08--09--10--11\n|   |   | \\ |\n12--13--14--15\n", "olsq_mode": "normal", "cost": 62, "crosstalk": 48, "fidelity": 0.3772215194512902, "fidelity_ct": 0.29583270410934515, "cost-scaled fidelity": 0.006084218055665971, "cost-scaled fidelity_ct": 0.004771495227570083, "size": "qcnn/12-6-3-2.qasm"}