{"Device_set": "square_4by4", "M": 10, "D": 63, "g1": 114, "g2": 57, "extra_edge_num": 0, "extra_edge": [], "benchmark": "qcnn", "gates": [[[5, 6], [9, 13], [14, 15], [7, 11]], [[6, 10], [5, 9], [13, 14], [11, 15]], [[2, 6], [9, 10]], [[10, 14], [6, 7]], [[10, 11]], [[9, 10]], [[10, 14]], [[6, 10]], [[10, 11]], [[6, 10]], [[10, 14]]], "gate_spec": [[" U4", " U4", " U4", " U4"], [" swap", " U4", " U4", " U4"], [" U4", " U4"], [" swap", " U4"], [" U4"], [" U4"], [" U4"], [" swap"], [" U4"], [" U4"], [" U4"]], "initial_mapping": [6, 5, 9, 13, 14, 15, 11, 7, 10, 2], "final_mapping": [14, 5, 9, 13, 6, 15, 11, 7, 10, 2], "olsq_mode": "transition", "crosstalk": 36, "fidelity": 0.3365777230504318, "fidelity_ct": 0.28049340886196017}