{"Device_set": "square_4by4", "M": 10, "D": 53, "g1": 99, "g2": 51, "extra_edge_num": 4, "extra_edge": [[11, 14], [9, 14], [7, 10], [5, 10]], "benchmark": "qcnn", "gates": [[[5, 10], [9, 13], [14, 15], [3, 7]], [[7, 11], [5, 9], [13, 14]], [[6, 7]], [[3, 7], [6, 10]], [[7, 11], [9, 10]], [[7, 10], [9, 14]], [[10, 11]], [[10, 14]], [[11, 14]]], "gate_spec": [[" U4", " U4", " U4", " U4"], [" swap", " U4", " U4"], [" U4"], [" U4", " U4"], [" U4", " U4"], [" U4", " U4"], [" U4"], [" U4"], [" U4"]], "initial_mapping": [7, 3, 11, 6, 10, 5, 9, 13, 14, 15], "final_mapping": [11, 3, 7, 6, 10, 5, 9, 13, 14, 15], "olsq_mode": "transition", "crosstalk": 39, "fidelity": 0.39038702444783585, "fidelity_ct": 0.320431921737827}