{"Device_set": "hh", "M": 10, "D": 49, "g1": 97, "g2": 48, "extra_edge_num": 6, "extra_edge": [[3, 8], [8, 12], [3, 12], [3, 13], [4, 13], [5, 13]], "benchmark": "qcnn", "gates": [[[3, 13], [2, 8], [11, 12], [4, 5]], [[13, 17], [8, 11], [2, 3]], [[3, 4], [8, 12], [5, 13]], [[3, 8], [4, 13]], [[3, 12]], [[3, 13]], [[12, 13]], [[4, 13]]], "gate_spec": [[" U4", " U4", " U4", " U4"], [" U4", " U4", " U4"], [" U4", " U4", " U4"], [" U4", " U4"], [" U4"], [" U4"], [" U4"], [" U4"]], "initial_mapping": [12, 8, 11, 2, 3, 13, 4, 5, 14, 17], "final_mapping": [12, 11, 8, 2, 3, 14, 4, 5, 13, 17], "olsq_mode": "transition", "crosstalk": 36, "fidelity": 0.4162519082449779, "fidelity_ct": 0.3468913974185847, "size": "qcnn/10-5-3-2.qasm"}