{"Device_set": "hh", "M": 10, "D": 55, "g1": 107, "g2": 57, "extra_edge_num": 0, "extra_edge": [], "benchmark": "qcnn", "gates": [[[13, 17], [14, 15], [11, 12], [6, 7]], [[15, 16], [13, 14]], [[13, 17], [9, 15]], [[15, 16], [12, 13], [6, 9]], [[11, 12], [14, 15]], [[12, 13], [9, 15]], [[13, 14]], [[12, 13]], [[13, 14]], [[14, 15]]], "gate_spec": [[" U4", " U4 U4", " U4", " U4"], [" swap", " U4"], [" swap", " U4"], [" U4", " U4", " U4 swap"], [" swap", " U4"], [" U4", " swap U4"], [" U4"], [" swap"], [" U4"], [" U4"]], "initial_mapping": [11, 12, 17, 13, 14, 15, 16, 9, 6, 7], "final_mapping": [14, 11, 12, 17, 13, 16, 9, 6, 15, 7], "olsq_mode": "transition", "crosstalk": 24, "fidelity": 0.36461157163768004, "fidelity_ct": 0.3228905310697856, "size": "qcnn/10-5-3-2.qasm"}