{"Device_set": "hh", "M": 10, "D": 55, "g1": 95, "g2": 51, "extra_edge_num": 6, "extra_edge": [[4, 13], [4, 14], [5, 14], [6, 14], [12, 17], [14, 17]], "benchmark": "qcnn", "gates": [[[17, 12], [13, 4], [14, 5], [6, 9], [15, 16]], [[12, 13], [4, 14], [5, 6], [9, 15]], [[17, 13], [14, 6]], [[13, 14]], [[17, 14]], [[14, 15]], [[6, 14]], [[15, 14]], [[17, 14]]], "gate_spec": [["u4", "u4", "u4", "u4", "u4"], ["u4", "u4", "u4", "u4"], ["u4", "u4"], ["u4"], ["u4"], ["SWAP"], ["u4"], ["u4"], ["u4"]], "initial_mapping": [17, 12, 13, 4, 14, 5, 6, 9, 15, 16], "final_mapping": [17, 12, 13, 4, 15, 5, 6, 9, 14, 16], "olsq_mode": "transition", "crosstalk": 33, "fidelity": 0.3826576092649859, "fidelity_ct": 0.32377591437020015}