{"Device_set": "hh", "M": 10, "D": 73, "g1": 116, "g2": 57, "extra_edge_num": 1, "extra_edge": [[5, 13]], "benchmark": "qcnn", "gates": [[[6, 9], [14, 15], [4, 5], [13, 17], [11, 12]], [[5, 6], [9, 15]], [[5, 13], [14, 15]], [[4, 5]], [[5, 13]], [[13, 14]], [[14, 15]], [[13, 14]], [[12, 13]], [[13, 17]], [[5, 13]], [[13, 14]], [[12, 13]]], "gate_spec": [[" U4", " U4", " U4", " U4", " U4"], [" U4", " U4 swap"], [" swap", " U4"], [" U4"], [" U4"], [" swap"], [" U4"], [" U4"], [" swap"], [" U4"], [" U4"], [" U4"], [" U4"]], "initial_mapping": [14, 15, 9, 6, 5, 4, 13, 17, 12, 11], "final_mapping": [12, 9, 15, 6, 14, 4, 5, 17, 13, 11], "olsq_mode": "transition", "crosstalk": 27, "fidelity": 0.3045478131422251, "fidelity_ct": 0.26563387312060743, "size": "qcnn/10-5-3-2.qasm"}