{"Device_set": "hh", "M": 10, "D": 55, "g1": 105, "g2": 57, "extra_edge_num": 3, "extra_edge": [[5, 13], [5, 14], [5, 15]], "benchmark": "qcnn", "gates": [[[6, 9], [16, 15], [14, 5], [13, 17], [12, 11]], [[15, 14], [5, 13]], [[14, 13], [5, 6], [15, 16]], [[9, 15], [12, 13]], [[17, 13], [5, 15]], [[15, 14], [12, 13]], [[5, 14]], [[14, 13]], [[5, 13]]], "gate_spec": [["u4", "u4", "u4", "u4", "u4"], ["u4", "u4"], ["u4", "SWAP", "SWAP"], ["u4", "SWAP"], ["u4", "u4"], ["u4", "u4"], ["u4"], ["u4"], ["u4"]], "initial_mapping": [6, 9, 16, 15, 14, 5, 13, 17, 12, 11], "final_mapping": [5, 9, 15, 16, 14, 6, 12, 17, 13, 11], "olsq_mode": "transition", "crosstalk": 42, "fidelity": 0.3646119364926911, "fidelity_ct": 0.29476396520672854}