{"Device_set": "hh", "M": 10, "D": 43, "g1": 80, "g2": 42, "extra_edge_num": 3, "extra_edge": [[4, 13], [4, 14], [5, 14]], "benchmark": "qcnn", "gates": [[[5, 6], [4, 14], [11, 12], [13, 17], [9, 15]], [[5, 14], [12, 13], [6, 9]], [[4, 5]], [[4, 14]], [[4, 13]], [[4, 5], [13, 14]], [[4, 13]]], "gate_spec": [[" U4", " U4", " U4", " U4 U4", " U4"], [" U4", " U4", " U4"], [" U4"], [" U4"], [" U4"], [" U4", " U4 U4"], [" U4"]], "initial_mapping": [15, 9, 6, 5, 4, 14, 13, 17, 12, 11], "final_mapping": [14, 9, 5, 6, 4, 15, 12, 17, 13, 11], "olsq_mode": "transition", "crosstalk": 30, "fidelity": 0.4638685183512816, "fidelity_ct": 0.39849784393023874, "size": "qcnn/10-5-3-2.qasm"}