{"Device_set": "hh", "M": 10, "D": 49, "g1": 80, "g2": 42, "extra_edge_num": 5, "extra_edge": [[3, 12], [3, 13], [4, 13], [5, 13], [5, 15]], "benchmark": "qcnn", "gates": [[[5, 6], [14, 15], [13, 17], [0, 4], [3, 12]], [[5, 15]], [[5, 13]], [[13, 14], [4, 5]], [[3, 13]], [[4, 13]], [[3, 4], [12, 13]], [[3, 13]]], "gate_spec": [[" U4", " U4", " U4 U4", " U4 U4", " U4"], [" U4"], [" U4"], [" U4", " U4"], [" U4"], [" U4"], [" U4", " U4"], [" U4"]], "initial_mapping": [3, 12, 13, 17, 14, 15, 4, 0, 5, 6], "final_mapping": [3, 12, 14, 17, 13, 15, 5, 0, 4, 6], "olsq_mode": "transition", "crosstalk": 27, "fidelity": 0.4368549188295113, "fidelity_ct": 0.3810352892807634, "size": "qcnn/10-5-3-2.qasm"}