{"Device_set": "hh", "M": 10, "D": 49, "g1": 100, "g2": 54, "extra_edge_num": 4, "extra_edge": [[3, 8], [8, 12], [4, 12], [4, 13]], "benchmark": "qcnn", "gates": [[[3, 2], [8, 11], [12, 4], [13, 17], [14, 15]], [[2, 8], [11, 12], [4, 13]], [[3, 8], [12, 13]], [[8, 12], [3, 4], [13, 14]], [[17, 13], [4, 12]], [[14, 13]], [[12, 13]], [[4, 13]]], "gate_spec": [["u4", "u4", "u4", "u4", "u4"], ["u4", "u4", "u4"], ["u4", "u4"], ["u4", "SWAP", "SWAP"], ["u4", "u4"], ["u4"], ["u4"], ["u4"]], "initial_mapping": [3, 2, 8, 11, 12, 4, 13, 17, 14, 15], "final_mapping": [4, 2, 8, 11, 12, 3, 14, 17, 13, 15], "olsq_mode": "transition", "crosstalk": 45, "fidelity": 0.39662335782968205, "fidelity_ct": 0.3158092908679979}