{"Device_set": "hh", "M": 10, "D": 49, "g1": 95, "g2": 51, "extra_edge_num": 5, "extra_edge": [[3, 8], [8, 12], [3, 12], [4, 12], [4, 13]], "benchmark": "qcnn", "gates": [[[3, 2], [8, 11], [12, 13], [4, 0], [5, 6]], [[2, 8], [11, 12], [13, 4]], [[3, 8], [12, 4]], [[8, 12], [4, 5]], [[0, 4], [3, 12]], [[5, 4]], [[12, 4]], [[3, 4]]], "gate_spec": [["u4", "u4", "u4", "u4", "u4"], ["u4", "u4", "u4"], ["u4", "u4"], ["u4", "SWAP"], ["u4", "u4"], ["u4"], ["u4"], ["u4"]], "initial_mapping": [3, 2, 8, 11, 12, 13, 4, 0, 5, 6], "final_mapping": [3, 2, 8, 11, 12, 13, 5, 0, 4, 6], "olsq_mode": "transition", "crosstalk": 42, "fidelity": 0.4063198343312362, "fidelity_ct": 0.32848196540602576}