{"Device_set": "hh", "M": 10, "D": 49, "g1": 94, "g2": 45, "extra_edge_num": 6, "extra_edge": [[3, 12], [3, 13], [4, 13], [5, 13], [5, 14], [6, 14]], "benchmark": "qcnn", "gates": [[[4, 13], [6, 14], [9, 15], [3, 12]], [[13, 17], [6, 9]], [[6, 14], [12, 13]], [[5, 6], [3, 13]], [[5, 14], [3, 4]], [[5, 13]], [[13, 14]], [[3, 13]]], "gate_spec": [[" U4", " U4", " U4", " U4"], [" U4", " U4"], [" U4", " U4"], [" U4", " U4"], [" U4", " U4"], [" U4"], [" U4 U4"], [" U4"]], "initial_mapping": [15, 9, 6, 14, 13, 4, 3, 12, 5, 17], "final_mapping": [14, 9, 6, 15, 5, 4, 3, 12, 13, 17], "olsq_mode": "transition", "crosstalk": 30, "fidelity": 0.42642782835454685, "fidelity_ct": 0.3663334834515643, "size": "qcnn/10-5-3-2.qasm"}