{"Device_set": "hh", "M": 10, "D": 57, "g1": 107, "g2": 51, "extra_edge_num": 1, "extra_edge": [[5, 13]], "benchmark": "qcnn", "gates": [[[4, 5], [13, 17], [14, 15], [11, 12], [6, 9]], [[5, 13], [9, 15]], [[13, 14], [5, 6]], [[12, 13], [14, 15]], [[5, 13]], [[4, 5]], [[5, 13]], [[13, 14]], [[14, 15]], [[13, 14]]], "gate_spec": [[" U4", " U4 U4", " U4", " U4", " U4"], [" U4", " U4 swap"], [" U4", " U4"], [" U4", " U4"], [" swap"], [" U4"], [" U4"], [" swap"], [" U4"], [" U4"]], "initial_mapping": [14, 15, 9, 6, 5, 4, 13, 17, 12, 11], "final_mapping": [12, 9, 15, 6, 14, 4, 5, 17, 13, 11], "olsq_mode": "transition", "crosstalk": 33, "fidelity": 0.3750782289547006, "fidelity_ct": 0.3173628162613299, "size": "qcnn/10-5-3-2.qasm"}