{"M": 8, "D": 35, "g1": 81, "g2": 36, "extra_edge_num": 0, "extra_edge": [], "benchmark": "qcnn", "gates": [[[5, 9], [13, 14], [8, 12], [6, 10]], [[9, 13], [10, 14]], [[8, 9], [12, 13]], [[9, 13]], [[5, 9], [12, 13]], [[9, 10]]], "gate_spec": [[" U4", " U4", " U4", " U4"], [" U4", " U4"], [" U4", " U4"], [" swap"], [" U4", " U4"], [" U4"]], "initial_mapping": [12, 8, 9, 5, 13, 14, 10, 6], "final_mapping": [12, 8, 9, 5, 13, 14, 10, 6], "coupling_graph": "00--01--02--03\n|   |   |   |\n04--05--06--07\n|   |   |   |\n08--09--10--11\n|   |   |   |\n12--13--14--15\n", "olsq_mode": "transition", "cost": 56, "crosstalk": 30, "fidelity": 0.5656087932555471, "fidelity_ct": 0.4859003698320218, "cost-scaled fidelity": 0.010100157022420484, "cost-scaled fidelity_ct": 0.008676792318428961, "size": "qcnn/8-4-2.qasm"}