{"M": 8, "D": 41, "g1": 58, "g2": 33, "extra_edge_num": 1, "extra_edge": [[2, 5]], "benchmark": "qcnn", "gates": [[[0, 1], [2, 5], [4, 8]], [[1, 2], [4, 5]], [[1, 5], [0, 4]], [[2, 5]], [[1, 5]], [[5, 6]], [[5, 9]]], "gate_spec": [[" U4", " U4", " U4 U4"], [" U4", " U4"], [" U4", " U4"], [" U4"], [" U4"], [" swap"], [" U4"]], "initial_mapping": [2, 5, 1, 0, 4, 8, 6, 9], "final_mapping": [2, 6, 1, 0, 5, 8, 4, 9], "coupling_graph": "00--01--02--03\n|   | / |   |\n04--05--06--07\n|   |   |   |\n08--09--10--11\n|   |   |   |\n12--13--14--15\n", "olsq_mode": "transition", "cost": 57, "crosstalk": 21, "fidelity": 0.552285529687438, "fidelity_ct": 0.4965756484788299, "cost-scaled fidelity": 0.00968921981907786, "cost-scaled fidelity_ct": 0.008711853482084735, "size": "qcnn/8-4-2.qasm"}