{"M": 8, "D": 37, "g1": 63, "g2": 33, "extra_edge_num": 3, "extra_edge": [[11, 14], [6, 11], [6, 9]], "benchmark": "qcnn", "gates": [[[6, 7], [11, 15], [13, 14], [9, 10]], [[7, 11]], [[11, 14]], [[6, 11], [14, 15]], [[6, 9], [10, 11]], [[6, 10]]], "gate_spec": [[" U4", " U4", " U4", " U4"], [" U4"], [" U4"], [" U4", " U4"], [" U4", " U4"], [" U4"]], "initial_mapping": [10, 9, 6, 7, 11, 15, 14, 13], "final_mapping": [10, 9, 6, 7, 11, 15, 14, 13], "coupling_graph": "00--01--02--03\n|   |   |   |\n04--05--06--07\n|   | / | \\ |\n08--09--10--11\n|   |   | / |\n12--13--14--15\n", "olsq_mode": "transition", "cost": 59, "crosstalk": 24, "fidelity": 0.5702430507684597, "fidelity_ct": 0.5049924243338374, "cost-scaled fidelity": 0.009665136453702707, "cost-scaled fidelity_ct": 0.008559193632776905, "size": "qcnn/8-4-2.qasm"}