{"M": 8, "D": 31, "g1": 63, "g2": 33, "extra_edge_num": 2, "extra_edge": [[4, 9], [5, 8]], "benchmark": "qcnn", "gates": [[[1, 2], [5, 9], [6, 10], [4, 8]], [[1, 5], [2, 6], [8, 9]], [[5, 6]], [[5, 9]], [[4, 9], [5, 8]]], "gate_spec": [[" U4", " U4", " U4", " U4"], [" U4", " U4", " U4"], [" U4"], [" U4"], [" U4", " U4"]], "initial_mapping": [8, 4, 9, 5, 1, 2, 6, 10], "final_mapping": [8, 4, 9, 1, 5, 2, 6, 10], "coupling_graph": "00--01--02--03\n|   |   |   |\n04--05--06--07\n| X |   |   |\n08--09--10--11\n|   |   |   |\n12--13--14--15\n", "olsq_mode": "transition", "cost": 58, "crosstalk": 27, "fidelity": 0.5982822752689702, "fidelity_ct": 0.5218360833373895, "cost-scaled fidelity": 0.010315211642568451, "cost-scaled fidelity_ct": 0.008997173850644647, "size": "qcnn/8-4-2.qasm"}