{"Device_set": "square_4by4", "M": 14, "D": 43, "g1": 129, "g2": 69, "extra_edge_num": 7, "extra_edge": [[0, 5], [10, 15], [2, 7], [9, 14], [4, 9], [7, 10], [6, 9]], "benchmark": "qcnn", "gates": [[[2, 6], [7, 11], [10, 15], [13, 14], [8, 9], [0, 4], [1, 5]], [[2, 7], [10, 11], [14, 15], [4, 8], [9, 13], [0, 5]], [[6, 7], [10, 14], [4, 9]], [[7, 10], [4, 5], [9, 14]], [[5, 9], [6, 10]], [[9, 10]], [[6, 9]]], "gate_spec": [[" U4", " U4", " U4", " U4", " U4", " U4", " U4"], [" U4", " U4", " U4", " U4", " U4", " U4"], [" U4", " U4", " U4"], [" U4", " U4", " U4"], [" U4", " U4"], [" U4"], [" U4"]], "initial_mapping": [6, 2, 7, 11, 10, 15, 14, 13, 9, 8, 4, 0, 5, 1], "final_mapping": [6, 2, 7, 11, 10, 15, 14, 13, 9, 8, 4, 0, 5, 1], "olsq_mode": "transition", "crosstalk": 63, "fidelity": 0.31425902368880404, "fidelity_ct": 0.22842993629728675, "size": "qcnn/14-7-4-2.qasm"}