{"Device_set": "square_4by4", "M": 14, "D": 59, "g1": 142, "g2": 75, "extra_edge_num": 2, "extra_edge": [[10, 13], [5, 10]], "benchmark": "qcnn", "gates": [[[4, 5], [9, 10], [1, 2], [6, 7], [11, 15], [13, 14], [8, 12]], [[5, 10], [7, 11], [14, 15], [12, 13], [2, 6]], [[10, 11], [5, 9]], [[1, 5], [10, 14]], [[4, 5], [13, 14]], [[5, 6]], [[1, 5], [6, 10]], [[5, 9], [10, 13]], [[5, 10]], [[9, 10]]], "gate_spec": [[" U4", " U4", " U4", " U4", " U4", " U4", " U4"], [" U4", " U4", " U4", " swap U4", " U4"], [" swap", " U4"], [" swap", " U4"], [" U4", " U4"], [" U4"], [" U4", " U4"], [" U4", " U4"], [" U4"], [" U4"]], "initial_mapping": [9, 10, 5, 4, 1, 2, 6, 7, 11, 15, 14, 13, 12, 8], "final_mapping": [9, 11, 1, 4, 5, 2, 6, 7, 10, 15, 14, 12, 13, 8], "olsq_mode": "transition", "crosstalk": 60, "fidelity": 0.2393457220787505, "fidelity_ct": 0.17663949871743478, "size": "qcnn/14-7-4-2.qasm"}