{"Device_set": "square_4by4", "M": 14, "D": 59, "g1": 149, "g2": 75, "extra_edge_num": 4, "extra_edge": [[8, 13], [10, 13], [2, 5], [6, 9]], "benchmark": "qcnn", "gates": [[[6, 9], [10, 14], [12, 13], [4, 8], [1, 5], [2, 3], [7, 11]], [[6, 10], [8, 12], [13, 14], [1, 2], [4, 5], [3, 7]], [[9, 10], [8, 13], [2, 5], [6, 7]], [[10, 13], [2, 6]], [[9, 13]], [[5, 9]], [[8, 9]], [[6, 9]], [[9, 13]], [[5, 9]]], "gate_spec": [[" U4", " U4", " U4", " U4", " U4", " U4", " U4"], [" U4", " U4", " U4", " U4", " U4", " U4"], [" U4", " U4", " U4", " swap"], [" U4", " U4"], [" U4"], [" swap"], [" U4"], [" U4"], [" U4"], [" U4"]], "initial_mapping": [9, 6, 10, 14, 13, 12, 8, 4, 5, 1, 2, 3, 7, 11], "final_mapping": [5, 7, 10, 14, 13, 12, 8, 4, 9, 1, 2, 3, 6, 11], "olsq_mode": "transition", "crosstalk": 57, "fidelity": 0.2393448838112986, "fidelity_ct": 0.17934248983369214, "size": "qcnn/14-7-4-2.qasm"}