{"Device_set": "square_4by4", "M": 14, "D": 53, "g1": 147, "g2": 75, "extra_edge_num": 5, "extra_edge": [[2, 7], [10, 13], [4, 9], [7, 10], [5, 10]], "benchmark": "qcnn", "gates": [[[8, 12], [13, 14], [10, 11], [2, 7], [5, 6], [0, 1]], [[8, 9], [7, 11], [10, 14], [2, 6], [1, 5], [12, 13]], [[4, 8], [7, 10]], [[0, 4], [8, 9], [6, 7]], [[4, 5], [9, 13]], [[4, 9], [10, 13]], [[5, 9], [6, 10]], [[9, 10]], [[5, 10]]], "gate_spec": [[" U4", " U4", " U4", " U4", " U4", " U4"], [" swap", " U4", " U4", " U4", " swap", " U4"], [" U4", " U4"], [" U4", " U4", " U4"], [" U4", " U4"], [" U4", " U4"], [" U4", " U4"], [" U4"], [" U4"]], "initial_mapping": [1, 0, 4, 9, 8, 12, 13, 14, 10, 11, 7, 2, 6, 5], "final_mapping": [5, 0, 4, 8, 9, 12, 13, 14, 10, 11, 7, 2, 6, 1], "olsq_mode": "transition", "crosstalk": 63, "fidelity": 0.2603186717107021, "fidelity_ct": 0.1892215437376111, "size": "qcnn/14-7-4-2.qasm"}